client_id;fio;serial_number;inn;phone0;phone1;phone3;email;dr
1;Бурова Вера Тимуровна;4975880215;1.07E+11;+7 (918) 8924084;;;ucm7f5axmb@ns9u2ls9i.ru;01.01.1975
2;Лебедев Артём Иванович;8729041423;1.63E+11;+7 (956) 5837639;;;qyku8zo02x5x@ye8rsf.ru;02.01.1975
3;Калашникова Любовь Ярославовна;807035119;5.99E+11;+7 (907) 2121539;;;uj98@uyp.ru;03.01.1975
4;Коновалова София Родионовна;7361931648;6.14E+11;+7 (907) 8329670;;;b0a73sg9@d219jkrovn.ru;04.01.1975
5;Симонов Альберт Эмильевич;3117139710;6.46E+11;+7 (956) 5679547;;;ibgl@xqhh.ru;05.01.1975
6;Терентьева Влада Георгиевна;6768429090;;+7 (487) 8995936;;;typ2m3xddhaae8y7fx6n@vgnu9u.ru;06.01.1975
7;Фролова Лилия Владимировна;1748354573;;+7 (493) 7279876;;;mdlmf1l@um3rhpvjmu.ru;07.01.1975
8;Жданова Людмила Владовна;3017090109;;+7 (914) 8659973;;;ddqvdg23zsabtthuq.@q.rnr3.ru;08.01.1975
9;Артемьев Рустам Ярославович;2735968673;;+7 (345) 1156081;;;momci0a6r2akz@ftxj.ru;09.01.1975
10;Елисеева Александра Владовна;5203216307;;+7 (388) 8024617;;;vkk5o1utfa.y7wdt@llj.ru;10.01.1975
11;Зимин Матвей Богданович;4896333802;;+7 (991) 5039970;;;e86if85ox0h@ztvjerkf26.ru;11.01.1975
12;Громов Валерий Ильич;8238660188;;+7 (943) 5353466;;;cubbfp2jnn4egi@cc2ekurfp.ru;12.01.1975
13;Якушева Елизавета Даниловна;2314810517;;+7 (843) 3507747;;;yg@gb1x3.tp.ru;13.01.1975
14;Мамонтова Светлана Рустамовна;6339227603;;+7 (962) 6350594;;;;14.01.1975
15;Лихачёва Влада Святославовна;2625011369;;+7 (472) 2763089;;;q7lg.x2fyl5zk3vsv0y3@vn3.ru;15.01.1975
16;Поляков Никита Михаилович;1528142351;;+7 (951) 1421228;;;zyv1g.3y@svb8jgnd.ru;16.01.1975
17;Блинов Артур Давидович;2594405022;;+7 (937) 6616790;;;qi@bpxfodseu.ru;17.01.1975
18;Гущин Тихон Айдарович;4932305739;;+7 (821) 1532288;;;us6njze@pt5c8v3s4.ru;18.01.1975
19;Мишина Виолетта Вадимовна;2887437802;;+7 (481) 9603417;;;y6ytlm32u38ubi@gdo9q33vrf.ru;19.01.1975
20;Калашникова Регина Мирославовна;3549613482;;+7 (861) 3958881;;;pekakjj18az6rvsl@xv8i03ct5r.ru;20.01.1975
21;Крылов Роман Юрьевич;8950934361;;+7 (922) 1592826;;;ricq@dvn.ru;21.01.1975
22;Наумов Дмитрий Родионович;3242884530;;+7 (955) 6518943;;;jsarqxy@ls6j9wb0.ru;22.01.1975
23;Тихонов Марк Антонович;5350807104;;+7 (842) 5106356;;;azvsszbmyd.inby@hrxb3mow.ru;23.01.1975
24;Евсеева Майя Ярославовна;8964687298;;+7 (834) 3274299;;;vy2dmbap.yctcj6x@dri.ru;24.01.1975
25;Сысоева Кристина Даниловна;6178824612;;+7 (974) 2088016;;;ju6xk6@xd5gwr.ru;25.01.1975
26;Зыков Анатолий Алексеевич;1202578838;;+7 (953) 3246612;;;f6u7vn8m7drtg51nt7a@yguj8j.ru;26.01.1975
27;Маслов Давид Александрович;2629929802;;+7 (975) 6245240;;;jt4k34kzm7u1i0g1nfl@m1qanii.ru;27.01.1975
28;Дементьева Дарья Федоровна;1061094098;;+7 (975) 0156720;;;ggjt53beoed1g@umydpdmlyg.ru;28.01.1975
29;Селиверстов Артур Германович;2722546918;;+7 (966) 7340648;;;teus.gz9fm@vrwbs.ru;29.01.1975
30;Никифоров Филипп Романович;9771219954;;+7 (973) 9068451;;;jwxbbz7@tyqfw.ru;30.01.1975
31;Лихачёв Виталий Семенович;132560276;;+7 (975) 8600288;;;f7314@sgo.ru;31.01.1975
32;Журавлёв Валерий Александрович;7032568612;;+7 (986) 7866863;+7 (918) 8924084;;eu@yxzvg8.ru;01.02.1975
33;Белоусова Эмилия Богдановна;363649230;;+7 (982) 4494668;+7 (956) 5837639;;ug3o5im1jqe79zys@rm4x.ru;02.02.1975
34;Давыдов Вячеслав Макарович;5439983431;;+7 (346) 2918901;+7 (907) 2121539;;goamu8v1l@j3xcgu.ya9.ru;03.02.1975
35;Соловьёва Владислава Вадимовна;7107876792;;+7 (930) 3682552;+7 (907) 8329670;;h2puu.09qutc.olm@iw8n6t7g59.ru;04.02.1975
36;Кондратьев Платон Игоревич;9862384202;;+7 (391) 7364546;+7 (956) 5679547;;b7chfy6@xx.ru;05.02.1975
37;Никитин Вадим Станиславович;5057303158;;+7 (960) 5182518;+7 (487) 8995936;;uv230e@ww2n.ru;06.02.1975
38;Богданова Эльвира Олеговна;4827604048;;+7 (917) 9306125;+7 (493) 7279876;;d2d9@fo1dxitf.ru;07.02.1975
39;Родионова София Константиновна;5767729186;;+7 (939) 7073173;+7 (914) 8659973;;hwojjpuv.cxdu@je95jrh.ru;08.02.1975
40;Лебедева Диана Сергеевна;2739341555;;+7 (384) 0487189;+7 (345) 1156081;;z4bisgmg1t@kxr.ru;09.02.1975
41;Трофимов Георгий Матвеевич;9059051278;;+7 (381) 7209779;+7 (388) 8024617;;bhx84rdshztq@zo8.ru;10.02.1975
42;Самсонов Алексей Игнатович;6935904202;;+7 (814) 6805117;+7 (991) 5039970;;q59qraz.isldg@v29nghn.ru;11.02.1975
43;Крюкова Виктория Викторовна;5782447365;;+7 (813) 4648557;+7 (943) 5353466;;y.iz.x.s@wb.rtzh.ru;12.02.1975
44;Тетерин Лев Иванович;1615676503;;+7 (984) 2656335;+7 (843) 3507747;;obsqk@dm.ru;13.02.1975
45;Самойлов Валерий Богданович;3305335315;;+7 (925) 8334842;+7 (962) 6350594;;ozequfo.sqwntodycgfy@uinfmx.ru;14.02.1975
46;Фролова Олеся Витальевна;1345496652;;+7 (842) 0756711;+7 (472) 2763089;;uqpyxqvplar.izmct@wfj.ru;15.02.1975
47;Калинин Денис Львович;8547483182;;+7 (978) 0020712;+7 (951) 1421228;;kqdc@bcbwqf.ru;16.02.1975
48;Щербаков Глеб Андреевич;2207271690;;+7 (834) 0203676;+7 (937) 6616790;;cycr@qmzcluwf.ru;17.02.1975
49;Евсеев Анатолий Маркович;5131974170;;+7 (391) 1939092;+7 (821) 1532288;+7 (960) 5182518;da.@qpnzob.b.ru;18.02.1975
50;Смирнова Валерия Николаевна;8416739984;;+7 (920) 2894367;+7 (481) 9603417;+7 (917) 9306125;fhesgyu@ljskzcs.ru;19.02.1975
51;Агафонов Лев Мирославович;7207708011;;+7 (981) 0854715;+7 (861) 3958881;+7 (939) 7073173;keb@lrxkoqjv.ru;20.02.1975
52;Николаева Наташа Филипповна;5022714431;;+7 (921) 3301554;+7 (922) 1592826;+7 (384) 0487189;ncypzbyen@hhtingr.ru;21.02.1975
53;Артемьев Иван Егорович;1992025718;;+7 (421) 4488778;+7 (955) 6518943;+7 (381) 7209779;gbhr@clvmxyyrv.ru;22.02.1975
54;Вишняков Гордей Андреевич;5480871828;;+7 (987) 2426131;;+7 (814) 6805117;jahntu@tplkihv.ru;23.02.1975
55;Носов Матвей Владович;5812676436;;+7 (944) 4219091;;+7 (813) 4648557;qv.chjujvwv@ldez.ru;24.02.1975
56;Прохорова Алиса Савельевна;7022741204;;+7 (817) 9494538;;+7 (984) 2656335;cmlpxirzgxwx@plhezfk.ru;25.02.1975
57;Муравьёв Артемий Артемьевич;9539885862;;+7 (905) 5787332;;+7 (925) 8334842;ujblxgsjudrpggh@iatdc.ru;26.02.1975
58;Дроздова Анжелика Ярославовна;5132231998;;+7 (928) 7456475;;+7 (842) 0756711;;27.02.1975
59;Веселова Полина Тимуровна;282386573;;+7 (818) 7358225;;+7 (978) 0020712;wcxqhwtgftrixpscoha@zduwso.ru;28.02.1975
60;Белов Федор Макарович;2357849084;;+7 (988) 7185819;;+7 (834) 0203676;vcssbgesnlmomoj@nxaxdim.ru;01.03.1975
61;Жуков Ян Константинович;3686013849;;+7 (988) 7555377;;+7 (391) 1939092;fcsnqddrlwlxhmfyxjc@cmnaiawpoz.ru;02.03.1975
62;Анисимова Евгения Вячеславовна;9998830796;;+7 (925) 8275677;;+7 (920) 2894367;wcjqrhaccm@oeejcfvhq.ru;03.03.1975
63;Бобылёва София Юрьевна;2879790103;;+7 (472) 6963626;;;ihafzivixetkcuorz@zytxskq.tg.ru;04.03.1975
64;Исаев Богдан Тимофеевич;1812909305;;+7 (385) 1637474;;;;05.03.1975
65;Юдин Арсений Павелович;6783140195;;+7 (495) 2748545;;;lbvotbpiqlttwjtngd.u@ovjksfw.ru;06.03.1975
66;Журавлёва Полина Михаиловна;4083519211;;+7 (485) 3438886;;;fvugemcizozqgvxa@y.k.nbk.ru;07.03.1975
67;Прохорова Виталина Сергеевна;3646605003;;+7 (855) 5790385;;;kgfiuqjewrgla@gkblycpk.ru;08.03.1975
68;Федосеев Всеволод Платонович;744714408;;+7 (942) 8718141;;;syjmejuftlibecsklkx@uzgwt.ru;09.03.1975
69;Максимов Вадим Павелович;1602986519;;+7 (908) 3329098;;;migaducslajomufke.@or.ru;10.03.1975
70;Беляева Владислава Арсеньевна;5163263032;;+7 (866) 0871138;;;hkihavxj@ewsqfnhksz.ru;11.03.1975
71;Михайлова Майя Артёмовна;1396870289;;+7 (958) 4848037;;;mygbjqyhhtbsjgjz@paixbl.ru;12.03.1975
72;Евсеева Кристина Григорьевна;3123785126;;+7 (908) 6035970;;;gyniukqnmprtitshiwyb@uoha.ru;13.03.1975
73;Богданов Артемий Захарович;4142256001;;+7 (980) 2943171;;;ecunq@dtcbfmv.ru;14.03.1975
74;Анисимова Любовь Макаровна;4695148504;;+7 (844) 0174522;;;eyifcqbdis.kpywj@attncejtyl.ru;15.03.1975
75;Панова Анастасия Олеговна;5840351521;;+7 (871) 6681854;;;armes.rmyy@rvi.ru;16.03.1975
76;Ефимов Филипп Николаевич;3537346491;;+7 (385) 0292096;;;caitllxqsthdyt.v@fmf.ru;17.03.1975
77;Ефимов Тимофей Арсеньевич;1876798633;;+7 (995) 9023925;;;goqg@rtnmfv.fl.ru;18.03.1975
78;Коновалов Артём Янович;9614291096;;+7 (423) 6455606;;;pg@yc.yyn.f.ru;19.03.1975
79;Зыков Антон Семенович;2830275896;;+7 (352) 2732296;;;dibvpehc@xicy.ru;20.03.1975
80;Морозов Роберт Леонидович;7852882797;;+7 (831) 8483295;;;vmqgbmkwerm@iuzl.ru;21.03.1975
81;Красильникова Дарья Руслановна;3656763311;;+7 (831) 8680103;;;luydwzuxvtytswczi@fxibnmn.ru;22.03.1975
82;Костина Агата Родионовна;7737809238;;+7 (984) 6643257;;;gvjngfhgogh@vpk.ru;23.03.1975
83;Гущин Святослав Игоревич;9386552947;;+7 (483) 0094075;;;mlgv.r@kk.ru;24.03.1975
84;Денисова Карина Васильевна;7648106154;;+7 (974) 7598354;;;ylzvc@lutpessws.ru;25.03.1975
85;Титова Алина Святославовна;9929428186;;+7 (857) 3682895;;;mqshntvjzlfforodzvkn@jorhxxpa.ru;26.03.1975
86;Зимина Наташа Дмитриевна;5839217712;;+7 (971) 8877968;;;rojshxdcdkhdon@egv.ru;27.03.1975
87;Никифоров Рустам Захарович;8041286466;;+7 (934) 6202284;;;igrp@cjntc.ru;28.03.1975
88;Шилов Савелий Кириллович;7059657800;;+7 (924) 9227444;;;nz@tjqlx.ru;29.03.1975
89;Исаева Диана Эдуардовна;5211991716;;+7 (988) 7412411;;;bzbvuwwyskt.npan.t@eebcosjfkr.ru;30.03.1975
90;Алексеева Любовь Владимировна;9886781617;;+7 (475) 8573285;;;xzdo.xsdrixfyxjtigns@p.cqrbm.ru;31.03.1975
91;Носова Майя Александровна;3605152333;;+7 (982) 1550199;;;rnxmhxwolp@ehvglbguz.ru;01.04.1975
92;Кабанова Наташа Артуровна;2279456584;;+7 (980) 9938557;;;qce@mbge.ru;02.04.1975
93;Блинова Лиана Германовна;1453547042;;+7 (956) 5009435;+7 (988) 7555377;;wdewdlwgii@roec.ru;03.04.1975
94;Кузьмин Степан Дмитриевич;1893038518;;+7 (421) 2660934;+7 (925) 8275677;;pxcvgdasllekb@ek.ru;04.04.1975
95;Макарова Наталья Павловна;3516217191;;+7 (818) 2807042;+7 (472) 6963626;;nvhwrehygrerv@nxoalttz.ru;05.04.1975
96;Захарова Надежда Владиславовна;9913435849;;+7 (970) 6770523;+7 (385) 1637474;;vkmgyu.wrlgjjq@a.eg.nvs.ru;06.04.1975
97;Гришин Гордей Янович;2190789147;;+7 (861) 7938194;+7 (495) 2748545;;yzef@ynm.ru;07.04.1975
98;Елисеева Татьяна Владимировна;2540151843;;+7 (968) 0925556;+7 (485) 3438886;;p.dzmdiazomvwim@qvdllr.ru;08.04.1975
99;Киселёва Эвелина Львовна;8881746326;;+7 (848) 9768592;+7 (855) 5790385;;wioavohvev@nyifkxrdni.ru;09.04.1975
100;Смирнов Максим Кириллович;2858600328;;+7 (384) 8961446;+7 (942) 8718141;;piwsftzkojuml@vbi.ru;10.04.1975
101;Соколова Диана Леонидовна;8008129159;;8 (844) 6401471;+7 (908) 3329098;;ixf.@tmbk.ru;11.04.1975
102;Юдин Глеб Александрович;1572957096;;8 (813) 3033959;+7 (866) 0871138;;rnebzmdtel@jiy.ru;12.04.1975
103;Максимова Анжелика Игоревна;390121178;;8 (879) 7773968;+7 (958) 4848037;;cyfy@ekr.sij.ur.ru;13.04.1975
104;Попова Арина Игнатовна;9993222872;;8 (495) 5497008;+7 (908) 6035970;;dretlwj@nuyd.ru;14.04.1975
105;Мухин Владислав Вадимович;6572544630;;8 (939) 7688992;+7 (980) 2943171;;vl@lbvqkwc.ru;15.04.1975
106;Рябов Альберт Егорович;2028033743;;8 (942) 1902033;+7 (844) 0174522;;nc@hdbqw.j.ru;16.04.1975
107;Дементьева Карина Олеговна;2878314152;;8 (900) 6386106;+7 (871) 6681854;;zltsmjyuatxjp.rcov@zynuvtzmyp.ru;17.04.1975
108;Логинов Артемий Артурович;8830487969;;8 (475) 4182202;+7 (385) 0292096;;vetlboiyzubkmz@d.gykjowj.ru;18.04.1975
109;Киселёв Артём Алексеевич;6155224820;;8 (989) 1427450;+7 (995) 9023925;;wjahreuaiqbiwy@wysyp.ru;19.04.1975
110;Васильева Наталия Яновна;3882745714;;8 (912) 6317901;+7 (423) 6455606;;ic.@mwnjke.ru;20.04.1975
111;Носков Назар Романович;1026690875;;8 (481) 5350688;+7 (352) 2732296;;mccehznvxctwqa@opmqqd.ru;21.04.1975
112;Горбачёв Илья Всеволодович;684779843;;8 (401) 2249879;+7 (831) 8483295;;hdkopfrpviostspzgskj@zzg.ru;22.04.1975
113;Гордеев Роберт Тихонович;5771216467;;8 (904) 7405201;;;zzqtyxzqwyezf.td@hawy.ru;23.04.1975
114;Кононова Ангелина Владимировна;4694132174;;8 (863) 9681747;;;hj@hnev.ru;24.04.1975
115;Носова Нина Макаровна;2618869912;;8 (391) 6834471;;;lc.mlzkcmaferyno@xrbisjce.ru;25.04.1975
116;Осипова Таисия Даниловна;482467480;;8 (416) 3102941;;;gkzdxcb.@mqmvohfmgs.ru;26.04.1975
117;Михеев Гордей Никитович;1819010120;;8 (847) 3180767;;;kvaqggtdhsn@xsvp.ru;27.04.1975
118;Беспалов Марк Игнатович;5148256666;;8 (942) 9434395;;;npjkhrzvssfkuthyk@socjdxh.ru;28.04.1975
119;Беспалов Игорь Глебович;1337685124;;8 (498) 5815124;;;rpved@xxihirnm.ru;29.04.1975
120;Беляков Григорий Игоревич;2712333682;;8 (818) 9847263;;;pltmpyesdfzrz@xz.ru;30.04.1975
121;Козлова Амелия Павловна;8230722408;;8 (301) 1840196;;;issgiumvftwsmwh@nqcxywvhn.ru;01.05.1975
122;Андреева Карина Арсеньевна;402960541;;8 (968) 0474616;;;wpjsblhlf.risulspncc@jyfs.ru;02.05.1975
123;Кузьмина Ирина Всеволодовна;9051450934;;8 (929) 9361529;;;oonhct@lol.ru;03.05.1975
124;Капустин Макар Данилович;7720340086;;8 (814) 9932060;;;awg@cb.ru;04.05.1975
125;Николаева Евгения Филипповна;965394764;;8 (959) 5910440;;;muviu@jr.ru;05.05.1975
126;Фокин Кирилл Витальевич;5921190449;;8 (953) 5274399;;;tdyu@rrbgox.ru;06.05.1975
127;Корнилов Демид Никитович;2536367597;;8 (924) 5075940;;;ftaob@law.ru;07.05.1975
128;Лукина Майя Леонидовна;9377833115;;8 (395) 6031361;;;dvxxbuqicqewblv@qw.ru;08.05.1975
129;Михеев Захар Айдарович;3810802777;;8 (970) 7823491;;;ou.wufacpgwyc@ounljs.ru;09.05.1975
130;Гусев Филипп Святославович;2867666728;;8 (901) 6655370;;;yh.mexmfrmnyxstgqanc@unygyxwy.ru;10.05.1975
131;Голубева Арина Георгиевна;2131756690;;8 (963) 5842032;;;d.gjk@cfy.ru;11.05.1975
132;Лапин Игнат Давидович;2694942416;;8 (388) 5100949;;;vut@mkmz.ru;12.05.1975
133;Шестакова Амалия Арсеньевна;9756422742;;8 (485) 6111927;;;viebnmrnhfl.jmcxy@isea.ru;13.05.1975
134;Якушева Милана Семеновна;9638695479;;8 (948) 7605136;;;toqgnxc@iykhxu.ru;14.05.1975
135;Щербакова Милена Дмитриевна;4844870378;;8 (811) 3630102;;;pipyfglxnvneoqfe@kk.ru;15.05.1975
136;Горшкова Нелли Тимуровна;9774565691;;8 (347) 0476707;;;abtaddkko.axkqo@cts.ru;16.05.1975
137;Власова Людмила Игнатовна;6453796011;;8 (484) 7600441;;;kjobj@fzvv.ru;17.05.1975
138;Данилова Диана Арсеньевна;5278292480;;8 (964) 2635970;;;uw.ecy@jkrsk.ru;18.05.1975
139;Терентьев Эдуард Антонович;9315153024;;8 (936) 2160385;;8 (401) 2249879;lbic.oaqncrbgr@ud.ru;19.05.1975
140;Трофимов Лев Андреевич;4720767471;;8 (351) 1358896;;8 (904) 7405201;rjfvlxvddzbgcj@upztecwv.ru;20.05.1975
141;Калинина Марьяна Игнатовна;3798094144;;8 (943) 2304792;;8 (863) 9681747;zg@owudd.ru;21.05.1975
142;Павлова Лилия Кирилловна;5729741134;;8 (924) 4228492;;8 (391) 6834471;venvqtdrrvxknfl@paug.ru;22.05.1975
143;Горбунова Галина Борисовна;5020228989;;8 (946) 5569676;;8 (416) 3102941;;23.05.1975
144;Щербаков Филипп Альбертович;2347877900;;8 (969) 6581376;;8 (847) 3180767;fu1ovd@lbig.ru;24.05.1975
145;Комарова Анна Артёмовна;2590608802;;8 (873) 4783454;;8 (942) 9434395;lkhmie56n4k800@e918uhuy.ru;25.05.1975
146;Наумов Захар Борисович;7060067875;;8 (974) 6810191;;8 (498) 5815124;n35@z4xm11.ru;26.05.1975
147;Крылова Стефания Маратовна;7088396244;;8 (391) 7563511;;8 (818) 9847263;l56c69flp9s@v5ftq6z5f.ru;27.05.1975
148;Колобов Артемий Рустамович;6404118683;;8 (982) 7795479;;8 (301) 1840196;rr0y68@v6.ru;28.05.1975
149;Быкова Маргарита Алексеевна;9060679144;;8 (982) 0140272;;8 (968) 0474616;w0gmbsrj@dse9win2tj.ru;29.05.1975
150;Блинов Рустам Юрьевич;2269905200;;8 (491) 3887920;;8 (929) 9361529;h46w@cyjbg52.ru;30.05.1975
151;Мельников Влад Савельевич;7492475975;;8 (940) 8661540;;8 (814) 9932060;s.83.1s2rh@hbdy.ru;31.05.1975
152;Воронцов Андрей Глебович;6165987802;;8 (483) 0947825;;8 (959) 5910440;et4dne@bunu1.ru;01.06.1975
153;Фомин Филипп Альбертович;6343657461;;8 (919) 1074005;;8 (953) 5274399;o4f15lpn@we6p.ru;02.06.1975
154;Шарапова Карина Вячеславовна;8507163537;;8 (936) 2896643;;8 (924) 5075940;;03.06.1975
155;Комиссаров Владимир Родионович;2970693811;;8 (349) 8589148;;8 (395) 6031361;liy5giy@di9dggvq.ru;04.06.1975
156;Шашков Федор Артёмович;2205603861;;8 (906) 7618246;;8 (970) 7823491;jkwbty@wx.ru;05.06.1975
157;Мясников Георгий Вадимович;9624575144;;8 (971) 1577206;;8 (901) 6655370;myjl7f@bk.5bm44.ru;06.06.1975
158;Виноградова Наталия Григорьевна;6399612203;;8 (910) 7708387;;8 (963) 5842032;r7skokc2i9wbs@y5zs7rpe.ru;07.06.1975
159;Данилова Наталья Михаиловна;8307323134;;8 (866) 6155806;;8 (388) 5100949;pmjacgl9h0qd6gu@ltgn47u.ru;08.06.1975
160;Иванова Вероника Максимовна;5386229761;;8 (940) 1619180;;8 (485) 6111927;jwpmo2xh987.yzr1egp8@gw7fq4h60t.ru;09.06.1975
161;Сорокин Денис Егорович;8317570672;;8 (995) 1425550;;8 (948) 7605136;s22idvi99n4lkuqb@wm.u.ru;10.06.1975
162;Федосеев Артём Назарович;2865345303;;8 (342) 3394184;;8 (811) 3630102;ivvbqo.evh@pqe35.ru;11.06.1975
163;Захарова Кира Ростиславовна;9978407412;;8 (949) 8872825;;;vl@pjv7x0u.ru;12.06.1975
164;Ширяева Марьяна Денисовна;8873622425;;8 (349) 8072787;;;unb@bd5fnbs.ru;13.06.1975
165;Киселёва Таисия Захаровна;1458923413;;8 (914) 8492518;;;fk86cnfbz@ct.cpy5.ru;14.06.1975
166;Денисова Ева Арсеньевна;6901789592;;8 (811) 9173874;;;cj33ld@vfz3.ru;15.06.1975
167;Щербаков Данила Юрьевич;1298033047;;8 (390) 0383913;;;k18hk1u@zj.ru;16.06.1975
168;Зиновьев Федор Робертович;7120775773;;8 (965) 8727082;;;n.bbffej@jks7.ru;17.06.1975
169;Шубина Стефания Сергеевна;7734530295;;8 (391) 6507591;;;fuisxyr4i.@qcrl4n4r2n.ru;18.06.1975
170;Трофимова Варвара Савельевна;6473320355;;8 (833) 1527545;;;w95v9@ek7q44c.ru;19.06.1975
171;Гущин Никита Рустамович;445298990;;8 (917) 2208036;;;dx1k2oionhtz@m03pls.ru;20.06.1975
172;Петухова Виталина Степановна;7389312944;;8 (871) 4614623;;;kqmqsc9a@phde9zzt.ru;21.06.1975
173;Сидорова Ангелина Тихоновна;8489622743;;8 (831) 3589644;;;kj3d5o@f9rm.ru;22.06.1975
174;Овчинникова Олеся Демидовна;5431673548;;8 (940) 5754227;;;wxg0@dec5qq.ru;23.06.1975
175;Большаков Михаил Юрьевич;6488546504;;8 (498) 7222386;;;h8x9jiqy8b28dg29c1@wrjxcgoy.ru;24.06.1975
176;Прохоров Семен Семенович;8035668876;;8 (985) 6622701;;;kt59m1m82n4lmt@li2v1v.ru;25.06.1975
177;Шубина Ирина Игнатовна;189814070;;8 (342) 1848334;8 (974) 6810191;;r77uj.@ml7is.ru;26.06.1975
178;Гусева Наташа Денисовна;1754144987;;8 (831) 3640151;8 (391) 7563511;;idq.riwclmfnu8qf7c4@loc.ru;27.06.1975
179;Гордеева Ева Савельевна;6942159811;;8 (954) 7749835;8 (982) 7795479;;q78uxd92ieumw9iybms@j.9msy.y.ru;28.06.1975
180;Стрелков Филипп Маркович;2460122133;;8 (483) 7934197;8 (982) 0140272;;d3orl5uuz40yyu9@oe.ru;29.06.1975
181;Баранова Влада Владовна;5944302601;;8 (855) 1721983;8 (491) 3887920;;vgglx23t.4yhgl0ui@u3mabas.m.ru;30.06.1975
182;Блинов Даниил Робертович;7696520592;;8 (857) 9256885;8 (940) 8661540;;iha5z9azl2stncd@ubmaeyw.ru;01.07.1975
183;Гаврилова Эвелина Витальевна;8712719739;;8 (818) 6618799;8 (483) 0947825;;t35fdq04tky31aysw.j@xh1q2aj.ru;02.07.1975
184;Журавлёв Даниил Владович;1259517134;;8 (494) 4705325;8 (919) 1074005;8 (493) 4255057;kusggo@n918bc.ru;03.07.1975
185;Одинцов Павел Павелович;680981429;;8 (499) 8355305;8 (936) 2896643;8 (499) 8139891;kxa17@nz.017p.ru;04.07.1975
186;Матвеева Лариса Семеновна;6941979910;;8 (989) 3787782;8 (349) 8589148;8 (905) 9859782;stl0ukrn0xhaws7aab@bmt.ru;05.07.1975
187;Орехов Николай Артемьевич;2745403347;;8 (848) 6371575;8 (906) 7618246;8 (988) 9022136;gz616ez1b@yx0amic.ru;06.07.1975
188;Шилова Ева Тихоновна;4117143435;;8 (908) 6393150;;8 (815) 3467560;s5graw69aya@rr.8eq1i4.ru;07.07.1975
189;Крылова Марина Ярославовна;5396881462;;8 (985) 3272088;;8 (485) 4428037;xyriacm.cqsb0q@noawdq.ru;08.07.1975
190;Миронова Виолетта Марковна;1769945772;;8 (973) 4959303;;8 (966) 2692415;d2ondmtqzq7n84@r2b3r.ru;09.07.1975
191;Шубина Кира Валерьевна;5702462578;;8 (385) 1005510;;8 (972) 6199046;j8zx@bazzkjmvrw.ru;10.07.1975
192;Королёва Инна Филипповна;2653560376;;8 (493) 4255057;;8 (383) 2672640;cqir9mpx1d8hmf@si8gdnq.ru;11.07.1975
193;Веселова Ирина Борисовна;4646469457;;8 (499) 8139891;;84849739409;qt0f8.dq35manlnc0@ibo2cmu2.ru;12.07.1975
194;Васильева Вероника Валерьевна;9853627367;;8 (905) 9859782;;88166487945;p.2evknfwugth67@r3e.65jjvc.ru;13.07.1975
195;Савин Альберт Владович;1953622473;;8 (988) 9022136;;84738964982;qfx@li5vy.ru;14.07.1975
196;Гаврилов Матвей Станиславович;1549022049;;8 (815) 3467560;;88415091237;vls0@mfa1vi9h.ru;15.07.1975
197;Лапина Алёна Арсеньевна;883639598;;8 (485) 4428037;;88455917860;y9a4k@rdt2gan.ru;16.07.1975
198;Зиновьева Яна Тимуровна;4507934480;;8 (966) 2692415;;;jyfh95@gbki.ru;17.07.1975
199;Миронов Алексей Вячеславович;2144334535;;8 (972) 6199046;;;subrpnq4as4r6pa24@u17ejqg8j.ru;18.07.1975
200;Петухов Мирослав Захарович;5760125607;;8 (383) 2672640;;;ifeiyi5@t46i.32v.ru;19.07.1975
201;Ефремова Стефания Ивановна;5172038004;;84849739409;;;g5681@frk8.ru;20.07.1975
202;Мельникова Кристина Тимофеевна;4298314651;;88166487945;;;s699fvhbrg3gr.e@nps9.ru;21.07.1975
203;Уварова Майя Вадимовна;4918651143;;84738964982;;;;22.07.1975
204;Калашников Игнат Вадимович;3952095015;;88415091237;;;w.koz@zmnmf6762.ru;23.07.1975
205;Зайцев Владимир Альбертович;9912802613;;88455917860;;;vh6n@owf.ru;24.07.1975
206;Аксёнова Регина Тихоновна;1951729891;;88124752212;;;r8b2m8ol0@l5j8xpvb.ru;25.07.1975
207;Горбунова Таисия Олеговна;4869915007;;88212741610;;;o9filv@erjun493lu.ru;26.07.1975
208;Силина Василиса Андреевна;7980050926;;83411270227;;;m74m024@slr43l.ru;27.07.1975
209;Фомичёва Амелия Вячеславовна;2378539029;;84946571382;;;un9sru6zq2ug@zq3kv.ru;28.07.1975
210;Бирюков Айдар Владович;9385320922;;84734695629;;;pi2mzdjhj1m92@tpbuv6z.ru;29.07.1975
211;Копылов Святослав Иванович;2147771929;;88782982308;;;z3vise8@vm7mwudn.ru;30.07.1975
212;Терентьев Мирон Юрьевич;5696800050;;84916023691;;;qnl1xj43og@ma84g886jt.ru;31.07.1975
213;Чернова Полина Сергеевна;9681916410;;84237880791;;;qf9ic61d@tak89anm.ru;01.08.1975
214;Лихачёва Лилия Артуровна;5491020496;;83912500164;;;rgrzi8w62cv.oah@xn89aly5.ru;02.08.1975
215;Мартынова Наталья Мироновна;3208525383;;83463998336;;;b185t32k@i3.ru;03.08.1975
216;Красильникова Наталья Кирилловна;9351115450;;83848002302;;;o11o26rd@sto.ru;04.08.1975
217;Молчанов Евгений Миронович;9315498142;;88353851222;;;z7h3c9u9wiq9@a09f.nqi6.ru;05.08.1975
218;Коновалов Николай Георгиевич;549726473;;88631113519;;;yfstl99t.20z0a2wjq@p8luris1.ru;06.08.1975
219;Кузнецов Андрей Леонидович;6549622115;;88170771603;;;zbg0j06c74w9yq8gt.@y7q7ap03u1.ru;07.08.1975
220;Морозова Анжелика Федоровна;3577874100;;88577523340;;;zx.h9na37a77cadm4@tr9i.ru;08.08.1975
221;Носова Эмилия Антоновна;7773768981;;88126019109;;;cr@l1.jvokg.ru;09.08.1975
222;Молчанова Нина Ринатовна;8130895858;;84159029818;;;x2ht8ni09luqmw@ixbov.ru;10.08.1975
223;Родионов Вячеслав Романович;4146318438;;84994775645;;;x8p21usjhzzzhaq678c@rmax.ru;11.08.1975
224;Бобылёв Александр Захарович;7688828569;;88211383941;;;apje56y27wml@ki.ru;12.08.1975
225;Сазонова Стефания Ярославовна;5367245913;;83880516529;;;ug3lq8m@ozqtlf7.ru;13.08.1975
226;Сысоева Олеся Даниловна;8707641279;;84924004635;;;d8r53cpa8@tr.ru;14.08.1975
227;Орехова Амалия Айдаровна;939643048;;88189711894;;;vn24kr46ub0@fftwddxqt7.ru;15.08.1975
228;Белов Павел Богданович;970294232;;84869250877;;;s62ss6kdlvxip@hjsc.ru;16.08.1975
229;Шилова Марьяна Всеволодовна;4660080575;;88712131298;;;k.6svph74r@qbt7hsrh.ru;17.08.1975
230;Герасимова Алиса Ростиславовна;9174163626;;88577244173;;;wq46ka7y9ku@cr8.ru;18.08.1975
231;Игнатьева Софья Игнатовна;3188619588;5.13E+11;84742584004;;;d5lyb@bqe8s.xa.ru;19.08.1975
232;Борисова Алиса Игнатовна;5876103157;7.10E+11;84941672894;;;z.dhx7q0htp1h1hdmhlh@fxxg.ru;20.08.1975
233;Морозова Арина Ильинична;4827516872;2.17E+11;88412462323;;;glm.r7p2@zrqm.alf.ru;21.08.1975
234;Власова Ксения Александровна;7951286687;39401667090;83858959789;;;qpv53gni1sn@mu.ru;22.08.1975
235;Тимофеева Маргарита Михаиловна;7291902073;4.06E+11;83654329021;;;azu0x8smaxq@t4.ru;23.08.1975
236;Кондратьева Ксения Альбертовна;7216605022;9.18E+11;84879546525;;;rv.z@j21i.ru;24.08.1975
237;Жукова Альбина Ярославовна;3577374432;3.15E+11;88203632813;;;aoix9e8atupel@wh08f.ru;25.08.1975
238;Тетерин Никита Антонович;9244275085;8.71E+11;88791273194;;;he5hyl.3rejxh@wba9.ru;26.08.1975
239;Чернова Агата Владиславовна;4659609332;9.30E+11;84015857449;;;l0r67q3qxcdzu1e2@xpxve4qtf.ru;27.08.1975
240;Кабанов Матвей Егорович;4361538052;7.50E+11;83837483269;;;k0ekydxktgbj1fhthbx@wrd8x91z.ru;28.08.1975
241;Александров Ростислав Кириллович;7660466033;6.44E+11;84724793666;;;kic5m.@fb4n.ru;29.08.1975
242;Фадеев Альберт Маркович;7703741543;3.51E+11;88187367332;;;yhjersploz7at@ze.ru;30.08.1975
243;Сафонов Эдуард Ярославович;1923699235;30287102145;88785779128;;;tatwyn@ucu.ru;31.08.1975
244;Мухин Ростислав Валерьевич;3274589847;5.46E+11;83017563512;;;k3fn87aejrz13or4@nbpf.ru;01.09.1975
245;Виноградова Ярослава Тимофеевна;8209805594;7.62E+11;88518563070;;;zpdy23n@vdi.ru;02.09.1975
246;Рябов Данила Львович;9601678223;2.07E+11;84212678489;;;nfj@l3.ru;03.09.1975
247;Гущин Марат Петрович;9652645421;6.89E+11;84852693268;;;dyqd.c.apnouv@alxe2.ru;04.09.1975
248;Громова Карина Захаровна;6618071963;4.42E+11;84243422754;;;ir9.6pv5c3lilsyz0tf0@yevn2pso.ru;05.09.1975
249;Ширяев Эдуард Степанович;5183076233;1.82E+11;88155299705;;;ljvxwl06nccw@rjh20n4.ru;06.09.1975
250;Куликов Гордей Станиславович;9606650129;1.18E+11;83840731590;;;u42fy90vi@hycnlnn.ru;07.09.1975
251;Петухова Инна Антоновна;3584223360;3.84E+11;84139356407;;;qr.3odl7z25fhbe@h3bq1upxu.ru;08.09.1975
252;Смирнов Юрий Витальевич;4663650831;54804643515;88117679132;;;msukkcf94b.n1k2@di.ru;09.09.1975
253;Степанова Валерия Филипповна;7356850498;5.18E+11;88140623661;;;blrh.gyu3g10@ea.4.ru;10.09.1975
254;Доронин Давид Макарович;7809003489;3.83E+11;84017232210;;;ql3o96z8u3ff@eikm6n5bu6.ru;11.09.1975
255;Зиновьев Ян Данилович;1131025310;4.80E+11;84725830287;;;zgw0i.r3c.prox1ts@dn1h.ru;12.09.1975
256;Красильников Василий Артёмович;2102334352;7.04E+11;88216920150;;;odrnhgkqa@abxyfkbl.ru;13.09.1975
257;Селиверстов Альберт Назарович;3258660030;3.29E+11;83814100148;;;uzo1.0i@ovpo.ru;14.09.1975
258;Емельянов Даниил Вадимович;2465732204;6.01E+11;88785280894;;;cj7tayxs2ad4@h3ug2.ru;15.09.1975
259;Михеев Айдар Григорьевич;467512488;2.30E+11;88793027541;;;j3lvi@l7pkv.ru;16.09.1975
260;Моисеев Тихон Олегович;7664809941;6.07E+11;83944971548;;;l5doiu2r391@xdgh9t1.ru;17.09.1975
261;Белоусов Ярослав Давидович;2001484590;5.06E+11;84926639502;;;fe8.n.jz@fdtl.ru;18.09.1975
262;Давыдов Влад Янович;6223259405;7.79E+11;83908492526;;;wdsls.fph@gv6.ru;19.09.1975
263;Галкин Константин Олегович;1141275936;;83885890358;;;aoe6tg2se.u@xmslhruftp.ru;20.09.1975
264;Колесникова Оксана Ростиславовна;4952822213;;84130412840;;;bwbb3djbi6xx2h@pma.ru;21.09.1975
265;Стрелков Назар Викторович;4996107279;;88453180857;;;whb7@zn.ru;22.09.1975
266;Андреев Альберт Давидович;9240559890;;84947582581;;;muxhaqnyk31v9t31nko@a6hg3sd.ru;23.09.1975
267;Горбачёва Алла Марковна;6450353639;;84873044204;;;zvf7l@stg.ru;24.09.1975
268;Шарапова Ярослава Гордеевна;8311200675;;84712301514;;;u1.uq@o1wae.ru;25.09.1975
269;Сидорова Агата Робертовна;9930560418;;84134079495;;;fjgrp@w06s4gucw8.ru;26.09.1975
270;Суворов Александр Алексеевич;3118442200;;88664294318;;;yz17@mgcs.ru;27.09.1975
271;Пономарёв Александр Маратович;1995981147;;84215234286;;;ymjugwv8eyiqk30b@ym.ru;28.09.1975
272;Давыдова Наталия Никитична;3889516834;;88661080921;;;yq@hdrsnj7tw.ru;29.09.1975
273;Суворова Влада Гордеевна;8611255910;;84278110111;;;qxykprqy8jdhl72x@ukk.ru;30.09.1975
274;Назарова Аделина Даниловна;7324169545;;83652034666;;;lbfw9@alstti.ru;01.10.1975
275;Воробьёва Владислава Даниловна;3855562946;;88215768690;;;zxmq4ijz3eatf3dop4.b@cmf.ru;02.10.1975
276;Дементьева Лариса Дмитриевна;7528839623;;83955098087;;;tqlp1y6lehd8u@v51f.ru;03.10.1975
277;Никифоров Даниил Станиславович;9537645923;;88629579152;;;wahk6x9n7zf@odtccdn1z.ru;04.10.1975
278;Брагина Яна Леонидовна;3330007757;;88715859732;;;m3tkh9j77oosquuwksf8@n2j4nv.ru;05.10.1975
279;Панова Людмила Ярославовна;1832731949;;88636571042;;;txcie@f2nv73yf.ru;06.10.1975
280;Белякова Варвара Степановна;9388032029;;84840957081;;;jq8.1b3r4b32ino7u@qv.ru;07.10.1975
281;Фёдоров Макар Даниилович;7963023310;;84244563770;;;bdzb2.2x89@s2rps.ru;08.10.1975
282;Гурьева Милана Георгиевна;804194549;;84262190896;;;oooed@k2.ru;09.10.1975
283;Некрасова Марьяна Марковна;1821457276;;84942406068;;;cnskw@viib.ru;10.10.1975
284;Гришина Карина Данииловна;2264714482;;84981313257;;;ocu.li8@b3s7qa.ru;11.10.1975
285;Макаров Родион Михаилович;986681657;;83942052032;;;ry3qps7h.yd4sldvmuf2@hn1ms5o5ck.ru;12.10.1975
286;Евсеев Александр Владович;8731977347;;88428389916;;;cjpratwjwca@uo5hgd2c.ru;13.10.1975
287;Игнатьев Павел Эдуардович;9161542926;;88168477187;;;w9p2hi8szotsz423@le7.ru;14.10.1975
288;Давыдова Виктория Васильевна;5570481203;;88776029983;;;hf.b5s@srs6t.ru;15.10.1975
289;Наумова Эльвира Ринатовна;4964587846;;88672964374;;;x2s3lhlxrghnl82xov@notnkhr9b.ru;16.10.1975
290;Козлов Степан Родионович;1570272383;;88122458078;;;phthy@wxqkzgz6.ru;17.10.1975
291;Стрелков Тимур Степанович;4866836348;;84713226772;;;kkez7r@yfeg7a.ru;18.10.1975
292;Гришина Диана Святославовна;671244786;;88781487342;;;zoob2eo@j.z0u.ru;19.10.1975
293;Хохлова Любовь Давидовна;857111708;;88454618562;;;jqo@n6xm7a7b.ru;20.10.1975
294;Котов Анатолий Савельевич;5222492123;;83942481352;84742584004;;iud@dnsivea.ru;21.10.1975
295;Кабанова Оксана Айдаровна;2260434449;;84962372434;84941672894;;vl29y@mfz.kuwh7.ru;22.10.1975
296;Панфилов Валерий Филиппович;4292607886;;83023647905;88412462323;;chbd0g.2s3ipgb35@k3whrmz.ru;23.10.1975
297;Прохоров Макар Вячеславович;4069784881;;88781592746;83858959789;;nqm@o23n.ru;24.10.1975
298;Калинин Василий Арсеньевич;9815440359;;84019366517;83654329021;;e6e0r@mu4rdino3.ru;25.10.1975
299;Третьякова Инна Давидовна;476366358;;88133316814;84879546525;;qtf0mvd51g6gyg2b3@p123yxena.ru;26.10.1975
300;Сорокина Ангелина Айдаровна;6572711550;;88519716136;88203632813;;e.1@lrq0ywz.ru;27.10.1975
301;Самсонов Демид Максимович;1926164630;;89367262987;88791273194;;g3n2n@m1b1sp.ru;28.10.1975
302;Тихонова Софья Сергеевна;6493073672;;89581047580;;;xslp6@hq.ru;29.10.1975
303;Беспалова Виталина Анатольевна;1070431778;;89096145486;;;vusmusbi27dahl@bo1lv0.ru;30.10.1975
304;Смирнова Наташа Даниловна;491211508;3.42E+11;89368063891;;;pv5pqdhnth@re.ru;31.10.1975
305;Воробьёв Ян Артемьевич;6818398306;2.71E+11;89776805825;;;gg.zm5bnltls@ph.ru;01.11.1975
306;Самсонова Лидия Эмильевна;527051832;16703625123;89778742067;;;aui1qz2qozy573gqfe@x460p4tbs.ru;02.11.1975
307;Белов Ринат Рустамович;7662793533;1.99E+11;89587354433;;;wt@ygw2gmvl0b.ru;03.11.1975
308;Макаров Константин Ярославович;735875447;5.72E+11;89045813213;;;qhg@enlxenbb.ru;04.11.1975
309;Лыткина Агата Эмильевна;816195859;6.28E+11;89815758723;;;fn8xhhqq006sf5uv3g90@b055cwr5.ru;05.11.1975
310;Михеев Федор Ярославович;1316126781;83820253904;89389598820;;;bvv3@gbpq.ru;06.11.1975
311;Казаков Эдуард Витальевич;4672414347;4.07E+11;89366921702;;;x5kjhyjl64v80bx@u7rnh.ru;07.11.1975
312;Смирнов Ростислав Платонович;5753496336;1.39E+11;89123381192;;;b2.4.kva0jjf@ewo.ru;08.11.1975
313;Лебедев Всеволод Алексеевич;3476111499;3.08E+11;89051876040;;;kea7@kpp3liv.ru;09.11.1975
314;Самойлова Диана Михаиловна;8028167807;7.22E+11;89301404576;;;f94c124cpwqfu25@s3rjbnno.ru;10.11.1975
315;Комаров Владислав Витальевич;9073515514;3.75E+11;89839667019;;;nk.urjrfs@o5t69co.ru;11.11.1975
316;Горбачёва Эмилия Гордеевна;7429427759;5.04E+11;89573429584;;;sf8i@cbr0f.ru;12.11.1975
317;Наумова Мирослава Андреевна;6389618916;;89920272013;;;g1cm854da@f87w.ru;13.11.1975
318;Гришин Павел Маратович;193558660;;89290588694;;;ajgq3p1ueflbv.d.mwz@vul4.ru;14.11.1975
319;Евдокимова Антонина Григорьевна;5945673860;;89005693068;;;td@pyxp1.ofki.ru;15.11.1975
320;Горшкова Алиса Дмитриевна;6049421859;;89690169510;;;p22vknesa9901d.rhc7i@s1r.ru;16.11.1975
321;Сысоев Илья Тихонович;3590067590;;89925506265;;;yuqlv2o0@fi.ru;17.11.1975
322;Щукина Нина Алексеевна;1580721526;;89170659615;;;vqgaohkbwu1ed6k.@ncvrmvs.ru;18.11.1975
323;Жукова Влада Васильевна;9081669775;;89142415594;;;ox7ej@fw.ru;19.11.1975
324;Данилов Константин Федорович;1326240547;;89845243916;;;z8v9lild@sic5i.ru;20.11.1975
325;Ильина Регина Николаевна;7525114098;;89366298488;;;z6ex8z5fuez5@kqhp9d.ru;21.11.1975
326;Журавлёв Всеволод Рустамович;9554676720;;89850566575;;;xafm2c9zgkaz8oo0h@hf.ru;22.11.1975
327;Корнилов Артём Васильевич;9827400217;;89154838166;;;frmm47ju.t@ur3l0hlp.ru;23.11.1975
328;Лобанов Степан Константинович;4121582660;;89457130841;;;a8a6p36pcuhuav.s.y@cq7z9h.ru;24.11.1975
329;Фокина Мария Федоровна;6006654120;;89863488182;;;qs@dueh98sfp.ru;25.11.1975
330;Белов Вячеслав Всеволодович;8692398643;;89964829006;;;xdn2vz7ce7pmmxzjv8i@avzvlv.ru;26.11.1975
331;Пахомова Агата Родионовна;5617249852;;89163047512;;;snr9swgg9bm@mu311.ru;27.11.1975
332;Устинова Мелания Всеволодовна;9623518846;;89017829182;;;fi4qzsv@fp6.ru;28.11.1975
333;Кулаков Василий Эмильевич;5751718802;;89512887578;;;un.bo8.71u2wiugy@xvlokkmx.ru;29.11.1975
334;Субботин Денис Николаевич;5850908456;6.96E+11;89781949122;;;a21be.s5pp.r5m@vp.ru;30.11.1975
335;Мельников Богдан Даниилович;6645214642;1.50E+11;89718920104;;;rg@ast8.ru;01.12.1975
336;Макарова Василина Кирилловна;4826544686;1.12E+11;89344700648;;;bb5ya3kcnbx6ewsktv7i@lskd.ru;02.12.1975
337;Миронова Лилия Павловна;8405235145;4.94E+11;89630845131;;;ky.gojh1n8@fyls.ru;03.12.1975
338;Шарапов Дмитрий Эдуардович;4671173079;1.41E+11;89735364095;;;elw@xqiij301mf.ru;04.12.1975
339;Рыбакова Милена Айдаровна;9352760930;3.75E+11;89633247383;;;stbke7p0ohr7g.x2mtn9@xj.ru;05.12.1975
340;Маслов Павел Мирославович;5556086224;58030180290;89941741245;;;z7xiqb@m3.ru;06.12.1975
341;Баранова Эмилия Богдановна;580133264;7.42E+11;89489270584;;;yp1e.koh.@s8cotwioy.ru;07.12.1975
342;Тимофеев Данил Георгиевич;9476445851;5.63E+11;89979412022;;;u5gi5@fb.ru;08.12.1975
343;Самойлов Вячеслав Семенович;6880719514;25408529410;89566307433;;;hmhbsfx18pen7vysr7k.@zj5.ru;09.12.1975
344;Терентьева Любовь Платоновна;1960986305;7.40E+11;89625686333;;;h9io2kw948fqxy0urfjj@f0ge.ru;10.12.1975
345;Гаврилова Виолетта Борисовна;6699792904;1.18E+11;89221840409;;;vrtiqknv6n@jcwe6c.ru;11.12.1975
346;Горшков Вячеслав Максимович;6681419115;4.46E+11;89730475682;;;e.77d7fd1ne@seh5xpa9.ru;12.12.1975
347;Аксёнов Илья Даниилович;3869949170;54378669534;89351859810;;;qbunzxz7p@qwmwxdwp7.ru;13.12.1975
348;Савин Альберт Викторович;3895039165;2.39E+11;89487405434;;;xtf517y@mw.ru;14.12.1975
349;Фомина Варвара Максимовна;2727143945;2.12E+11;89439768638;;;x.f8u3.p8ff@fb8iapncm7.ru;15.12.1975
350;Русаков Альберт Эмильевич;3227797891;2.56E+11;89859230757;;;yutye792@se.ru;16.12.1975
351;Субботин Роман Матвеевич;2832877191;6.04E+11;89239823469;;;q2bump0v55n.zmnz@j0f8.ru;17.12.1975
352;Петрова Таисия Святославовна;9279555030;9.18E+11;89147076522;;;uni5js0g241kx@guz3sughx.ru;18.12.1975
353;Котова Оксана Алексеевна;9212772254;29648250507;89683647146;;;jsr57us.uloq2ws@z.p1vgd.ru;19.12.1975
354;Макарова Светлана Викторовна;8360484305;4.43E+11;89423881876;;;orrsdmxj3y85vg416ay@tcqob1bknv.ru;20.12.1975
355;Рогов Алексей Игнатович;9644552132;2.53E+11;89122270960;;;ilny03ayd6hkfz8nsz9@baqjxf3l5a.ru;21.12.1975
356;Чернов Арсений Юрьевич;8223326744;61605559250;89748142460;;;w1p5zyvg1z5ygmg.2@sqi.5yvzq.ru;22.12.1975
357;Бобылёв Родион Антонович;4080381879;4.72E+11;89249801606;;;ju4pi.0ruqwphu@w7ja5kt0.ru;23.12.1975
358;Григорьев Станислав Борисович;2771780572;4.24E+11;89298894394;;;s9doos9gcfe42dl20t@mzngucb.ru;24.12.1975
359;Белоусов Павел Валерьевич;7454105097;4.34E+11;89424613212;;;ghrpzeow53xmktxxg@ne.ru;25.12.1975
360;Антонов Максим Викторович;1217772731;68039233994;89610678244;;;b17lspw23gmlw@lj8zp0ymxx.ru;26.12.1975
361;Кулагина Эльвира Леонидовна;7143223339;1.06E+11;89413762537;;;iff77kn0w@waq68svz.ru;27.12.1975
362;Некрасова Вера Артуровна;8134982179;7.96E+11;89964569959;;;if0ci74ip2dy1pb@f4l9hof4s.ru;28.12.1975
363;Симонов Мирон Георгиевич;3921826100;5.35E+11;89529798790;;;nux.td3g3a1c6bzssn@xzfod.ru;29.12.1975
364;Сорокина Валерия Сергеевна;6067975059;5.84E+11;89892851621;;;rwi49bh1fb1f1xedt@n7vt5dsqu.ru;30.12.1975
365;Ершова Елена Васильевна;898225595;6.27E+11;89978680254;;;a9x4olmkt3geups1@vlk.ru;31.12.1975
366;Князев Петр Михаилович;5998452265;6.27E+11;89947892119;;;f8hhx@cqo84qta.ru;01.01.1976
367;Никонов Иван Кириллович;8023062243;5.45E+11;89725788730;;;y1f2xoztqlgo6c3@llp8.ru;02.01.1976
368;Королёв Максим Артёмович;8772435873;98272598886;89265326522;;;xvky90s429dy7le7uu1g@ntrw.1f.ru;03.01.1976
369;Давыдов Сергей Платонович;7368013198;3.23E+11;89614968052;;;c01e6n.r.k1w@uwmz1.ru;04.01.1976
370;Соколов Эдуард Львович;9896722170;5.82E+11;89569374753;;;v1ruf1@vljavq0.ru;05.01.1976
371;Лихачёв Ярослав Назарович;366727490;1.09E+11;89627036815;;;ib4o@oxzv7rdn.ru;06.01.1976
372;Евсеева Антонина Львовна;8020853902;6.37E+11;89489661544;;;zy0.7ito@kgmb.ru;07.01.1976
373;Пестов Матвей Станиславович;217239386;9.90E+11;89874261759;;;bwywzbd@c0.ru;08.01.1976
374;Брагин Вадим Петрович;8233506598;4.40E+11;89966200405;;;l5xv@qx.ru;09.01.1976
375;Шашкова Стефания Всеволодовна;5554462637;3.54E+11;89288128062;;;cv@zl7k59crc.ru;10.01.1976
376;Орехов Макар Александрович;5774574397;2.97E+11;89746337464;;;o5l@q0pirkh.ru;11.01.1976
377;Анисимова Анна Тимуровна;6330615682;2.31E+11;89873081614;;;xb5j90ro6071bweg@i2tj.ru;12.01.1976
378;Кириллова Юлия Витальевна;431041513;9.27E+11;89982359960;;;p1q@l.0e9afw.ru;13.01.1976
379;Капустин Валерий Евгеньевич;4807531732;2.65E+11;89477191795;;;f6f1o59vzy.8efn9@v988.ru;14.01.1976
380;Горбачёв Даниил Олегович;4446633139;5.90E+11;89988714757;;;vyxx@yok1yfbj4.ru;15.01.1976
381;Доронина Ульяна Львовна;5850090984;1.53E+11;89132627344;;;scw9qk9yedajguu.@e71x4.ru;16.01.1976
382;Давыдов Степан Львович;4771485293;7.50E+11;89574409049;;;w5wlmh3xb8kck9plxl@yji4mfk2.ru;17.01.1976
383;Орехова Нелли Глебовна;314680660;2.49E+11;89998907851;;;ji2twqtthmi0@sb8vts5d.ru;18.01.1976
384;Беспалова Амина Платоновна;4683266428;5.72E+11;89295823617;;;gif7uxq5r0tgk06o0xm@a8q9jh.ru;19.01.1976
385;Смирнов Эдуард Макарович;1514341500;8.68E+11;89126390324;;;uggojjzpos5fq.j1loj@uofgp.s.ru;20.01.1976
386;Зайцева Василина Алексеевна;6432566754;3.12E+11;89687919162;;;cr05555pnb0lteat2jh2@q.3yo23.ru;21.01.1976
387;Евдокимова Галина Демидовна;8894800266;2.61E+11;89281882910;;;ncu.20@b8mom.ru;22.01.1976
388;Суханов Арсен Степанович;6506494517;4.12E+11;89414174289;;;z65nw8.c4hzqg@x4qdq.ru;23.01.1976
389;Абрамова Олеся Ярославовна;1832047872;4.38E+11;89912168073;;;uytb@pw1iyt1m0d.ru;24.01.1976
390;Соловьёва Эмилия Петровна;3888904055;4.73E+11;89345471739;;;rcrh1ie48smr@du3xnx.ru;25.01.1976
391;Комарова Любовь Руслановна;1046258215;1.33E+11;89506096668;;;u70ovka900x94x@oc.ru;26.01.1976
392;Ларионов Данила Ярославович;5696203229;4.37E+11;89717542988;;;tksv1ltnl@qtklwrd.ru;27.01.1976
393;Жуков Матвей Иванович;7419762032;2.26E+11;89947654449;;;w1ymf@v2d.ru;28.01.1976
394;Алексеева Ульяна Тимуровна;3556828538;4.82E+11;89919054472;;;wu9i5bi2@y72lg6fmu.ru;29.01.1976
395;Суханова Алина Андреевна;953109290;5.69E+11;89157897017;;;psvqo3o9wruq.l@n9knmjgo.q.ru;30.01.1976
396;Кузьмин Степан Всеволодович;6630174872;3.60E+11;89415124764;;;r83bdohn0vr@cz9.ru;31.01.1976
397;Филатов Платон Матвеевич;9099445546;8.96E+11;89940896514;;;to598ys4lt@fewbqtlox.ru;01.02.1976
398;Никитин Рустам Тихонович;1691178932;5.41E+11;89144685318;;;vi72ddsbne06tzudl@gobuyqpd.ru;02.02.1976
399;Наумова Аделина Руслановна;8252108777;2.02E+11;89121847895;;;l0qygvjf8@k59uawts2.ru;03.02.1976
400;Виноградов Владислав Маратович;3874849622;8.39E+11;89635071753;;;iwlu1czbrd7t@juy.ru;04.02.1976
401;Меркушев Степан Андреевич;7733881866;1.59E+11;79771048491;;;z8bwz@ze.ru;05.02.1976
402;Ковалёв Петр Максимович;8803806916;6.10E+11;79170310635;;;f88q4s95ajs1r@mxhvsz6xih.ru;06.02.1976
403;Гусева Эмилия Тихоновна;3858252925;;79812140219;;;a6@dgg.ru;07.02.1976
404;Давыдова Нина Родионовна;4838628439;;79457090847;;;vst.gp41ti4t5tpytup@vntqupde.ru;08.02.1976
405;Денисов Тимур Платонович;5691797071;;79930946310;;;azs4i@cktl1.ru;09.02.1976
406;Молчанова Камилла Васильевна;496701426;;79872106086;;;axas1@w0bfdirm5.ru;10.02.1976
407;Воробьёва Эвелина Егоровна;6879589992;;79188938429;;;t6w3e2nwaomin@iwv0l.ru;11.02.1976
408;Андреева Ольга Артуровна;5357781797;;79746320438;;;bwqnbu82yujh9a@ha.ru;12.02.1976
409;Исаева Алина Ринатовна;4630680731;;79998360193;;;rx6kl8uoc8iivhcd2.@gzo4luyj.ru;13.02.1976
410;Белоусова Карина Алексеевна;1547058593;;79313356691;;;swj5mt@bjhq0.ru;14.02.1976
411;Ермаков Марат Владович;6699638626;;79564001991;;;x2@ufnwmzxb.ru;15.02.1976
412;Дорофеева Лиана Эдуардовна;2717812410;;79369109973;;;ul66zn28pjt.wckjnl70@os1w54gk.ru;16.02.1976
413;Цветкова Людмила Леонидовна;3354795835;;79501923837;;;dyxgri98zqnpc@s2cx1n.ru;17.02.1976
414;Крюкова Анна Альбертовна;269995726;;79415057216;;;efe5o8le8r@k1i.ru;18.02.1976
415;Носов Артур Львович;3876504688;;79562360686;;;loy@r7.ru;19.02.1976
416;Фёдоров Федор Родионович;2697227671;;79335769855;;;l3uzz5881vtfpgm@zhr.ru;20.02.1976
417;Мухин Святослав Данилович;1395929962;;79261757918;;;c6c90tsa.2f8ng@tspyn.ru;21.02.1976
418;Давыдов Мирослав Ярославович;9084352872;;79142036452;;;lvklj35nd3l25g@wrqw0nka0.ru;22.02.1976
419;Сидоров Эдуард Платонович;6754795448;;79780137718;;;oyyugm7p5ps2gkjfq@cbo.ru;23.02.1976
420;Кошелева Диана Андреевна;3543584231;;79276850445;;;vox51rlqo2.2m@bt2o7h.ru;24.02.1976
421;Колесникова Эвелина Яновна;6117815400;;79354963192;;;jk@wx13.ru;25.02.1976
422;Овчинников Влад Ярославович;4982797444;;79034751655;;;pwrw1@tlf718d.ru;26.02.1976
423;Федосеева Лиана Сергеевна;4180436699;;79508526539;;;fpyuc7@hwkn4x.ru;27.02.1976
424;Григорьева Валентина Тихоновна;2755458906;;79543284798;;;z03mspoi@fgthc3i85i.ru;28.02.1976
425;Никитина Амина Олеговна;3021844576;;79630099751;;;zxe8thn75i01ewjf01@vpo1ahs.ru;29.02.1976
426;Мамонтова Эмилия Рустамовна;2084080166;;79579882903;;;p4n5j7pamg@s.6huum2ub.ru;01.03.1976
427;Сидорова Амалия Егоровна;2447310506;;79211717884;;;i32cksw73mmc@b33e7nch.ru;02.03.1976
428;Белоусов Андрей Георгиевич;4595903581;;79345153444;;;ev3hig8pjpso7bl7@uf9e.ru;03.03.1976
429;Панова Милана Борисовна;4384391433;;79319591207;;;lied@d2qf.ru;04.03.1976
430;Кулагина Лилия Денисовна;8908404566;;79579272553;;;qr4q5j@heivbr4bda.ru;05.03.1976
431;Назаров Андрей Николаевич;4499967848;;79758988742;;;be@n1.ru;06.03.1976
432;Ефимов Роберт Владимирович;7702518406;;79530440537;;;nmmjd@iuquw.ru;07.03.1976
433;Шашкова Марина Станиславовна;1848058465;;79489226726;;;rcpxvuz2@zh53e1xd.ru;08.03.1976
434;Щербаков Антон Ростиславович;4720419357;;79661823099;;;zhg1efslqws@rym.ru;09.03.1976
435;Гаврилова Ника Максимовна;1205518454;;79963729960;;;c466vb17ce7uq695t@kp2ruv5.ru;10.03.1976
436;Гуляева Надежда Анатольевна;4818431327;;79449519633;;;w2k@bfadakrw9.ru;11.03.1976
437;Зыкова Наташа Мирославовна;7370290056;;79523556920;;;u2zhom8mrm9o@a3.ru;12.03.1976
438;Комиссарова Таисия Николаевна;7537088558;;79883221017;;;ju1icyk2g63vj8vls@d4u30n.ru;13.03.1976
439;Цветкова Полина Евгеньевна;6683095128;;79461577475;;;l0erczyek2r@jxo.ru;14.03.1976
440;Галкина Надежда Артуровна;9482290769;;79516368739;;;wzkerrz@ojr7.ru;15.03.1976
441;Фадеев Борис Васильевич;6061131508;;79926966879;;;em6.daoeuo6x0xw1i@lzswyr.ru;16.03.1976
442;Белозёров Макар Эмильевич;6517605718;;79037076824;;;h5ffwulbn@rs7z.ru;17.03.1976
443;Калашникова Маргарита Альбертовна;2310387191;;79386808022;;;dk3yb.9lvugf43eh3ak4@kc99wk7thp.ru;18.03.1976
444;Носов Марат Святославович;8339315509;;79405590329;;;yd0i0w6t035n@mnfs6jh.ru;19.03.1976
445;Гаврилов Вадим Савельевич;9686675364;;79447466878;;;tis8gelqk19khka@vlobmwn.ru;20.03.1976
446;Панов Георгий Назарович;2714322595;;79362376787;;;grfw.p3t2j@dhp.ru;21.03.1976
447;Фомичёва Камилла Константиновна;4533539147;;79324436010;;;msf@cdndr2ts0z.ru;22.03.1976
448;Гуляева Людмила Степановна;9817939364;;79509779881;;;f.6xg4e@ourkad.ru;23.03.1976
449;Одинцов Петр Игоревич;7783548456;;79094052440;;;ufx8njoddd81s3wkfyt@zcb8zf.ru;24.03.1976
450;Дементьев Демид Ярославович;1011708402;;79097872695;;;fq7lqgqb@ibc11hd8hj.ru;25.03.1976
451;Селезнёва Диана Мироновна;2284347043;;79295545441;;;yy8b@hq.ru;26.03.1976
452;Кононов Тимур Тимурович;8316785184;;79361019982;;;q77eqkp11pr9r@jrfum.ru;27.03.1976
453;Беспалов Филипп Дмитриевич;9180385856;;79947083591;;;kt@gce0m.ru;28.03.1976
454;Красильникова Кристина Арсеньевна;3750191258;;79709538488;;;hj6tu@mvabtaw.ru;29.03.1976
455;Никитин Айдар Павелович;3550618310;;79497971772;;;cjd@u15.ru;30.03.1976
456;Гаврилова Олеся Айдаровна;6249861673;;79385544428;;;j73y4@phc3o7.ru;31.03.1976
457;Королёв Матвей Евгеньевич;9701727962;;79253525402;;;zc0is10rmp16dwga@egl.ru;01.04.1976
458;Блохин Станислав Рустамович;1392012994;;79675013102;;;aim@e4o.ru;02.04.1976
459;Бурова Ульяна Ивановна;9306311905;;79355819770;;;ve7ox32duh08y@qauph.ru;03.04.1976
460;Савина Лилия Олеговна;557924223;;79860629207;;;ubmg38l23nh@zk.ru;04.04.1976
461;Большаков Гордей Русланович;2087167664;;79852608937;;;r52@az0b5.ru;05.04.1976
462;Мельников Тимур Филиппович;9101958965;;79225592394;;;u9slgeq7m2blk@vgnh5pu.ru;06.04.1976
463;Турова Елизавета Владиславовна;3838373336;;79256167167;;;jfkh@i1urnkuuv.ru;07.04.1976
464;Данилова Марьяна Кирилловна;7697376017;;79061324594;;;wiws3920b1uf8rr62nwy@ml7xa5q0h3.ru;08.04.1976
465;Петрова Алина Назаровна;7595977855;;79750346062;;;bl7f912hwox8eq@afdx6.ru;09.04.1976
466;Попова Валерия Святославовна;1366011652;;79297456447;;;m9@fo1ds.ru;10.04.1976
467;Меркушева Виолетта Платоновна;3440904599;;79196618527;;;l4a.vf5w54@c0xjj641.ru;11.04.1976
468;Филиппова Анастасия Сергеевна;601122924;;79201888531;;;ch0c6smhxw3q5o@bf8o34ks.ru;12.04.1976
469;Комаров Эдуард Никитович;947460152;;79133469058;;;hg3p0e0g9j8j@ieir4q.ru;13.04.1976
470;Суханова Вероника Никитична;5629496585;;79377350540;;;az.e4bcfvgj4pphy342w@nh3.ru;14.04.1976
471;Борисова Екатерина Эмильевна;2670666609;;79830471385;;;lvahm@bs1brgome.ru;15.04.1976
472;Исаева Василиса Юрьевна;6321055302;;79080755905;;;iyf7s09n9wso@wu.ru;16.04.1976
473;Зайцев Ян Викторович;1993999048;;79991664555;;;y.9m2vann8494c7@f.lmo6i6s.ru;17.04.1976
474;Пахомов Богдан Арсеньевич;946275602;;79021825048;;;ep6g9c811g3.t3@bay7u.ru;18.04.1976
475;Бобров Павел Миронович;2676605808;;79648046375;;;iavh@g7hy2.ru;19.04.1976
476;Абрамов Кирилл Ростиславович;1475752455;;79063912268;;;kfey7vfr2q4bm@bq.tnmeb.ru;20.04.1976
477;Исаева Виктория Константиновна;5252273056;;79122719048;;;sowk@nqngfz.ru;21.04.1976
478;Сысоев Демид Всеволодович;8441878906;;79203361237;;;sfcj2qz@xujdtu.ru;22.04.1976
479;Калинина Василиса Георгиевна;2599978214;;79609276586;;;oaw8vo38qm85yt@gb.ru;23.04.1976
480;Костин Федор Владович;716001793;;79278704025;;;z1mq5t1eq0@azkaknp4.ru;24.04.1976
481;Щербаков Герман Тимофеевич;128561838;;79137496639;;;hv64y12i6p@q.4k1y7.ru;25.04.1976
482;Жданов Герман Мирославович;1543480291;;79400512261;;;fa8zu6u70qh1hp46n9@pri.ru;26.04.1976
483;Беспалова Софья Тимофеевна;9527815586;;79312147520;;;nevtrz2@rc1.ru;27.04.1976
484;Беляев Альберт Артурович;9219194135;;79581437072;;;b4sb@b01.ru;28.04.1976
485;Давыдов Федор Максимович;9513941156;;79569906264;;;nucq1k9fr@sc9eqhy.ru;29.04.1976
486;Пахомова Олеся Антоновна;5639171270;;79867933776;;;xdobagzyio@qla.ru;30.04.1976
487;Рыбаков Мирон Мирославович;973168499;;79190506755;;;q8eg2@f9jrl.ru;01.05.1976
488;Колобова Кира Тимуровна;1791885652;;79663671562;;;s53357byw4knp0dhvl@lmo.ru;02.05.1976
489;Соболева Владислава Рустамовна;6281508344;;79232863030;;;zx8bja@d6mu9n.ru;03.05.1976
490;Юдин Игнат Владимирович;3428964259;;79433920607;;;m4dwxut@cks2vcm1.ru;04.05.1976
491;Коновалова Ева Германовна;205769845;;79465140182;;;ni2p@uizwmcscy.ru;05.05.1976
492;Колесников Станислав Павелович;5996018838;;79635664869;;;j2tngjrht479@z2n8k06k.ru;06.05.1976
493;Александров Филипп Маркович;6860994678;;79547644604;;;xvhdyrs.t5e@dn.lma.ru;07.05.1976
494;Уваров Ян Тимурович;6219822275;;79983676545;;;cj6fu1kpcs2@fv.ru;08.05.1976
495;Петрова Софья Игоревна;6946754528;;79344382517;;;q6uqtrq3emzmb@jc.ru;09.05.1976
496;Зиновьева Вера Игоревна;8643308883;;79515383504;;;jkwr.w6@e9.ru;10.05.1976
497;Кириллов Леонид Русланович;7461810972;;79592849538;;;bdm1kuya1o.i490rtmf.@th9.ru;11.05.1976
498;Русакова Ольга Борисовна;3214374208;;79380692086;;;yb6xu9351msz7jnuv@v8.ru;12.05.1976
499;Медведева Анастасия Евгеньевна;1422284132;;79632741575;;;n6uoaiuzyz@hh.ru;13.05.1976
500;Кулагин Ростислав Даниилович;9810234656;;79182119841;;;ue4@r3vc5.ru;14.05.1976
501;Калашников Олег Всеволодович;4034607997;;8 (411) 843-08-92;;;snysfu@drxyxwt3r.ru;15.05.1976
502;Павлова Галина Васильевна;8147833130;;8 (871) 469-89-12;;;l5clbhpcl6m8q@bxy.ru;16.05.1976
503;Попова Ярослава Никитична;9421566730;;8 (856) 710-80-45;;;idy@z6vr1.ru;17.05.1976
504;Богданова Таисия Макаровна;3581966843;;8 (495) 145-67-57;;;yhais1es1y.a7vm0lqmv@wb.ru;18.05.1976
505;Рогов Юрий Борисович;1313837860;;8 (812) 377-65-02;;;bvd@lygpj9d.ru;19.05.1976
506;Федосеев Григорий Савельевич;6732274745;;8 (831) 412-60-68;;;asdhvp17@koboe5.ru;20.05.1976
507;Воронцова Лариса Дмитриевна;9382532579;;8 (866) 337-21-93;;;fna7l143rlnfjxvjszn@bqldq.4.ru;21.05.1976
508;Голубев Савелий Федорович;6843046247;;8 (383) 444-79-41;;;su7@p2c.ru;22.05.1976
509;Артемьев Павел Савельевич;5860441655;;8 (812) 174-77-53;;;v51@c1o.ru;23.05.1976
510;Алексеева Анна Григорьевна;8120692929;;8 (341) 122-63-29;;;g73sz1qkf6.8zj6y88bi@seti.ru;24.05.1976
511;Лебедева Ульяна Петровна;8767803971;;8 (816) 550-33-41;;;p0bmbr0pbtl4n@h6ufhr9.ru;25.05.1976
512;Волков Даниил Филиппович;6635797598;;8 (395) 898-05-57;;;tagv40hah0c1@vw93p416h.ru;26.05.1976
513;Савельева Елена Артемьевна;4394711183;;8 (302) 744-39-30;;;kdzu8no8cq@otj.ru;27.05.1976
514;Архипова Василиса Семеновна;431520355;;8 (872) 427-04-17;;;wc@x.mrk.rk.ru;28.05.1976
515;Романова Екатерина Вячеславовна;8109171352;;8 (416) 304-09-58;;;fpwqt.k1q0fuo6u8@vfg.ru;29.05.1976
516;Емельянов Вячеслав Романович;862215024;;8 (427) 034-55-89;;;qbv7e3ir79qpqh7rvi@oka.ru;30.05.1976
517;Гурьев Владислав Семенович;6830706804;;8 (349) 705-17-11;;;bfdqq49qut5adn@icly.ru;31.05.1976
518;Тетерин Ярослав Тихонович;3813328257;;8 (861) 085-26-11;;;s.jhuswrz@apo52qwg.ru;01.06.1976
519;Маркова Мария Владовна;3967613662;;8 (818) 365-98-40;;;odm@tf5.ru;02.06.1976
520;Кондратьева Алиса Ростиславовна;7201752570;;8 (401) 659-01-06;;;i29zds@sqcizi.ru;03.06.1976
521;Рогов Данил Андреевич;2209916190;;8 (484) 717-14-61;;;enlxc0qlccn@p4.5ze2o.ru;04.06.1976
522;Андреев Семен Владиславович;1959623816;;8 (475) 628-87-23;;;frv1mmuvn.yvlerde@zyr2a8.ru;05.06.1976
523;Логинова Александра Макаровна;4657777881;;8 (341) 530-64-38;;;auczol58x@q8iux883xf.ru;06.06.1976
524;Большакова Амелия Юрьевна;6392666097;;8 (424) 918-18-73;;;jpzn@qq5hn76k.ru;07.06.1976
525;Большаков Назар Евгеньевич;902975552;;8 (856) 102-99-96;;;fvryon@cqzs8v5f.ru;08.06.1976
526;Исаев Глеб Родионович;5401257742;;8 (877) 755-75-76;;;u79ipat6bw4x96i@ck.ru;09.06.1976
527;Андреева Ярослава Александровна;944839559;;8 (842) 769-34-59;;;woii6v@x1atsw6f45.ru;10.06.1976
528;Родионова Полина Артемьевна;6148714416;;8 (871) 888-09-70;;;jhgixl02fkqi@v.o37g.ru;11.06.1976
529;Козлов Станислав Тимурович;4084869376;;8 (345) 311-89-32;;;jv6t9d2@wkp5.ru;12.06.1976
530;Агафонов Дмитрий Всеволодович;6833588663;;8 (423) 695-52-16;;;n3xhtxd9qbreg@qt68z6.ru;13.06.1976
531;Щербаков Олег Станиславович;4713822194;;8 (383) 384-19-70;;;xssw1h4yv19f36@w9.ru;14.06.1976
532;Смирнова Яна Ивановна;9918137232;;8 (877) 504-59-13;;;q0vlgq7duslp3y6b6y3@k2jk9.ru;15.06.1976
533;Корнилова Марьяна Юрьевна;7124409154;;8 (421) 098-81-55;;;a832f0wu@rp5pka.ru;16.06.1976
534;Горшкова Нина Даниловна;861039662;;8 (815) 205-08-11;;;ony5lljlrsn973oig6z@rrb93wmd.ru;17.06.1976
535;Михеева Елизавета Степановна;1451188871;;8 (391) 366-58-84;;;mo05h8yvxu8a490u31@leg04fue1.ru;18.06.1976
536;Быкова Марьяна Ринатовна;1823287761;;8 (487) 050-05-70;;;k7x@s5n0.ru;19.06.1976
537;Кузьмин Григорий Кириллович;2317762166;;8 (347) 943-44-92;;;alqc7enxz@fy.ru;20.06.1976
538;Костина Мирослава Святославовна;8475398074;;8 (877) 603-19-45;;;w1rjorhcjfd@qj0.ru;21.06.1976
539;Кузнецов Сергей Альбертович;785782433;;8 (346) 103-24-01;;;c3o19@plam3y0z.ru;22.06.1976
540;Маслова Алёна Тимофеевна;5342501619;;8 (427) 458-04-71;;;vqkyhjmyeuipmdplylpr@vcdlq.ru;23.06.1976
541;Тарасов Всеволод Михаилович;5860570506;;8 (349) 323-83-91;;;mondkfoiwa.pbjai@uzgdrfpxi.ru;24.06.1976
542;Одинцова Ярослава Ивановна;5022724117;;8 (473) 504-58-76;;;ubzcu@dkpebi.ru;25.06.1976
543;Михайлов Станислав Русланович;5972231683;;8 (818) 606-86-73;;;sc@wu.ru;26.06.1976
544;Тихонов Мирослав Святославович;8471408640;;8 (877) 756-75-76;;;oayzm.ihjwk@cfy.ru;27.06.1976
545;Беляков Виталий Всеволодович;9586918609;;8 (813) 689-23-63;;;pk@umykpv.ru;28.06.1976
546;Федосеева Софья Андреевна;3041713039;;8 (878) 167-68-61;;;s.kqjtmgsylbrkorn@huhqjloaf.ru;29.06.1976
547;Герасимов Павел Артурович;1565667491;;8 (385) 882-74-68;;;hpc.lraoxhssrj@yzzcpek.ru;30.06.1976
548;Григорьева Камилла Владиславовна;2714328382;;8 (352) 019-28-78;;;tvzfulssgozi@wkfrqyzcen.ru;01.07.1976
549;Кириллова Стефания Игоревна;9511652238;;8 (847) 726-19-99;;;gdlxtfvygm.xxol@add.zuggw.ru;02.07.1976
550;Самойлова Майя Степановна;5597342427;;8 (482) 898-41-14;;;zzmiihpwnxa@lp.ru;03.07.1976
551;Жданов Платон Дмитриевич;9316439238;;8 (302) 059-53-16;;;tatxhdywvchyuaxwbws@meaqhtqos.ru;04.07.1976
552;Капустин Тимур Тихонович;3413175936;;8 (817) 527-16-23;;;hpiasxugkgjxds@cwnpvimb.ru;05.07.1976
553;Панфилов Демид Артёмович;3282494443;;8 (394) 784-73-42;;;jzgnvso.gztwfiglwg@fyw.d.ru;06.07.1976
554;Козлов Роберт Платонович;2821061895;;8 (401) 496-47-80;;;vmfdgx@qnhyz.ru;07.07.1976
555;Андреев Савелий Данилович;5153925218;;8 (415) 981-90-06;;;sn@rzvgdz.ru;08.07.1976
556;Мельникова Василина Марковна;4787986531;;8 (873) 522-12-06;;;ojtirfy@lyeishg.ru;09.07.1976
557;Макаров Семен Назарович;909594986;;8 (815) 627-99-85;;;owjcymxhm@dmt.dye.ru;10.07.1976
558;Щукина Альбина Матвеевна;8657731566;;8 (492) 067-35-04;;;oflsftzhqxaerod@eeiysj.ru;11.07.1976
559;Андреев Константин Платонович;3184207982;;8 (851) 532-67-76;;;ym@kl.ru;12.07.1976
560;Дорофеев Петр Витальевич;4612282932;;8 (484) 494-08-59;;;xazxhc@t.uzinip.ru;13.07.1976
561;Филатова Наташа Олеговна;2157399713;;8 (474) 018-80-62;;;xg@vswy.ru;14.07.1976
562;Рогов Илья Игнатович;6139486966;;8 (343) 801-64-38;;;gvamwfbobbtlzwivci@djg.pg.ru;15.07.1976
563;Веселова Регина Ярославовна;3828550274;;8 (415) 284-77-51;;;ws.sn.hfkixvuyq.knrk@aqazdgna.ru;16.07.1976
564;Третьяков Леонид Робертович;5167903817;;8 (847) 677-93-79;;;cxtsqwqob.cv@bshfwq.ru;17.07.1976
565;Данилова Екатерина Анатольевна;8551020608;;8 (878) 810-41-79;;;p.yxcytp@plhfpzoevp.ru;18.07.1976
566;Моисеева Светлана Викторовна;6633362271;;8 (865) 632-05-98;;;jyxajm@heognhos.ru;19.07.1976
567;Моисеева Эльвира Давидовна;5930601583;;8 (486) 976-09-87;;;laujrfzigjiwqbsuced@za.jxtxe.ru;20.07.1976
568;Елисеева Ангелина Эмильевна;3720730841;;8 (871) 584-68-52;;;uestlwff@jzgzmdtclc.ru;21.07.1976
569;Рожков Константин Кириллович;6234503071;;8 (347) 298-27-12;;;zizlttzb@sh.ru;22.07.1976
570;Никитин Марк Александрович;9221214766;;8 (871) 922-83-50;;;ampvmchsl@zsili.ru;23.07.1976
571;Антонова Виталина Робертовна;7064958461;;8 (841) 769-89-14;;;o.gseugzc.uqy@utzod.ru;24.07.1976
572;Пономарёв Захар Львович;2595666674;;8 (878) 330-85-59;;;eyytxxdi.jzzybwpvil@gc.ru;25.07.1976
573;Волков Ян Федорович;3009153748;;8 (498) 716-32-96;;;foqraru@whfyz.ru;26.07.1976
574;Гордеев Леонид Артурович;6655006424;;8 (814) 391-92-56;;;grzuchsbvdegzsbrzkdb@w.gfyjgnl.ru;27.07.1976
575;Харитонова Вероника Максимовна;327086147;;8 (343) 339-94-74;;;hqvtrv@sqxclcrxka.ru;28.07.1976
576;Чернова Таисия Николаевна;8526839682;;8 (844) 080-66-47;;;wanqsgn@arfazzgma.ru;29.07.1976
577;Сидорова Наташа Рустамовна;8199392356;;8 (871) 639-95-91;;;eoxwzpsqutt@kpksjxc.b.ru;30.07.1976
578;Зыков Виталий Платонович;1809166039;;8 (848) 707-41-08;;;mrxeaso@vi.ru;31.07.1976
579;Евдокимов Игорь Семенович;3349434474;;8 (815) 575-07-41;;;lvcmb.ieskw@wi.wpab.ru;01.08.1976
580;Громов Андрей Константинович;5312567689;;8 (475) 257-65-34;;;ku@jnqcq.ru;02.08.1976
581;Лазарев Тихон Денисович;6795720162;;8 (815) 396-61-85;;;bdsyxgfdaylfpb@yjajltk.vi.ru;03.08.1976
582;Шарова Варвара Владимировна;7121962924;;8 (872) 735-93-36;;;p.@jevi.ru;04.08.1976
583;Баранов Всеволод Викторович;9740462714;;8 (415) 699-66-86;;;j.kkkfqgzvufdhvhu@rmojzn.ru;05.08.1976
584;Петухов Данила Германович;7905714919;;8 (487) 843-92-69;;;sppocxjiszgs@bn.ru;06.08.1976
585;Капустин Михаил Степанович;4433278307;;8 (395) 480-77-01;;;et@wukjm.ru;07.08.1976
586;Кулакова Валентина Давидовна;5534441836;;8 (863) 600-23-47;;;iatebdm@ioejnp.ru;08.08.1976
587;Симонов Семен Антонович;5299098314;;8 (426) 335-11-64;;;onlpiuirkxovcc@claiu.ru;09.08.1976
588;Горбачёва София Айдаровна;5761138661;;8 (346) 167-55-19;;;wqphzeynt@qudq.h.ru;10.08.1976
589;Тимофеев Савелий Родионович;2232824130;;8 (879) 134-58-38;;;scvwgsrck.yqiezjuzo@nu.vcml.ru;11.08.1976
590;Русаков Марк Давидович;4319414641;;8 (426) 766-98-44;;;huitc@hqgz.ru;12.08.1976
591;Калашникова Алиса Ростиславовна;8735596267;;8 (848) 031-66-18;;;ekicy@wf.kottnk.ru;13.08.1976
592;Гордеева Алёна Эмильевна;862359586;;8 (415) 748-58-40;;;dsvm.@ena.ru;14.08.1976
593;Тарасова Ольга Леонидовна;523685410;;8 (401) 887-85-99;;;hngvcbiakg@lpxc.ru;15.08.1976
594;Матвеева Варвара Григорьевна;2438664936;;8 (401) 137-98-92;;;jmzi.bzmfcgu@pm.ru;16.08.1976
595;Макарова Амина Никитична;5438978732;;8 (471) 379-38-83;;;kgs.@xr.ru;17.08.1976
596;Быкова Алёна Федоровна;3948418627;;8 (492) 460-64-03;;;cbbxinwbx@bdtmi.houh.ru;18.08.1976
597;Мухин Игнат Львович;8762785757;;8 (834) 218-66-32;;;ninbrnhnzwluvbmd@ssidtu.j.ru;19.08.1976
598;Нестеров Айдар Леонидович;3899320785;;8 (866) 812-97-40;;;ussvp@fnc.ru;20.08.1976
599;Носова Ирина Тимуровна;8604348575;;8 (415) 397-78-85;;;fg@ctwjfb.ru;21.08.1976
600;Родионов Макар Мирославович;6820396087;;8 (811) 518-05-57;;;bsysdhj@qtnuuvsyd.ru;22.08.1976
601;Савельева Анастасия Родионовна;8252145195;;8-911-067-14-02;;;hea.jgsfvids.kkgbs@jxmii.ru;23.08.1976
602;Зыков Альберт Юрьевич;9402001036;;8-972-760-91-30;;;rywx@ujhquiwjq.ru;24.08.1976
603;Третьяков Роберт Артемьевич;9950893394;;8-937-706-62-39;;;yqbomveyato@dnwq.ksq.ru;25.08.1976
604;Носова Милена Захаровна;5232086974;;8-963-735-20-29;;;gceyfxfpfzjfqok@bahbz.ru;26.08.1976
605;Смирнова Оксана Юрьевна;4723311118;;8-939-683-47-48;;;uemathaoycj@uvdxoekdq.ru;27.08.1976
606;Уваров Тимур Петрович;2840561336;;8-985-598-39-86;;;iu@cprdei.ru;28.08.1976
607;Григорьев Мирон Арсеньевич;2998108668;;8-985-421-27-60;;;vmc@mav.ru;29.08.1976
608;Суворова Лиана Филипповна;4366629536;;8-903-444-88-70;;;swhxjhfbfkysnhnf@hs.ru;30.08.1976
609;Виноградова Эвелина Романовна;5285580072;;8-983-267-71-99;;;erc@hrgx.xhee.ru;31.08.1976
610;Наумов Данила Рустамович;9625114716;;8-964-473-48-20;;;uxuweomhwwmsfbr@ubayttbxe.ru;01.09.1976
611;Тарасова Агата Захаровна;3821801622;;8-942-299-97-85;;;bh@bjp.ru;02.09.1976
612;Гусев Рустам Эдуардович;5876031084;;8-912-354-08-54;;;qxarxyew.mxkh@pjoaokxrg.ru;03.09.1976
613;Сидорова Александра Дмитриевна;7709147704;;8-941-007-94-84;;;galckxhtldhi@bxkey.ru;04.09.1976
614;Лебедева Наталия Платоновна;6496554148;;8-908-271-04-14;;;ys@iraqjw.ru;05.09.1976
615;Афанасьева Влада Филипповна;5357741806;;8-991-651-37-80;;;gegofnen@s.ezpzq.ru;06.09.1976
616;Евдокимова Эльвира Андреевна;5803644014;;8-952-003-67-40;;;jyyjocb.l@iobu.ru;07.09.1976
617;Игнатов Алексей Андреевич;3722225608;;8-999-919-82-45;;;jqsssesnzumicajvg@ulafm.ru;08.09.1976
618;Киселёва Алина Дмитриевна;2024919902;;8-995-769-63-49;;;jivhk@sec.ru;09.09.1976
619;Субботин Николай Эмильевич;9938332193;;8-984-776-80-66;;;lszujomou.xjq@n.n.ru;10.09.1976
620;Ларионов Дмитрий Игнатович;3057346044;;8-901-595-09-66;;;r.emocw.evz.ffd.zia@pqerlv.ru;11.09.1976
621;Миронова Алиса Кирилловна;985578567;;8-987-817-22-83;;;kw@glerwviz.ru;12.09.1976
622;Суворова Ева Николаевна;2508951508;;8-927-443-59-54;;;kzdtmbnalx@kmkd.ru;13.09.1976
623;Денисов Артемий Маркович;7958184512;;8-925-866-69-98;;;ftwa@oatilz.ru;14.09.1976
624;Воронцова Елена Айдаровна;4759087230;;8-964-938-75-85;;;jnypmi@fck.ru;15.09.1976
625;Кошелева Амалия Ивановна;5108831830;;8-939-900-52-13;;;aptpyiteawjlygtlngpv@uh.ru;16.09.1976
626;Блохина Ольга Богдановна;9048367377;;8-922-571-22-26;;;htkxbga.ftjcuz@tceci.ru;17.09.1976
627;Кононова Кира Павловна;8403747781;;8-906-573-75-30;;;omxtzwplocq@xbjhbfoiou.ru;18.09.1976
628;Самойлова Екатерина Филипповна;7566559302;;8-987-970-63-92;;;mcpqwhdsapdtzfpej@rawp.ru;19.09.1976
629;Петрова Лидия Григорьевна;1538781660;;8-991-827-70-92;;;sraotwbyixlvmgf@dhlx.dipkh.ru;20.09.1976
630;Коновалов Даниил Ильич;7210257336;;8-977-547-78-49;;;skcxzhnqoenlu.@gudar.ru;21.09.1976
631;Зыкова Стефания Вячеславовна;7105256681;;8-952-512-23-27;;;ijbdl@bomszup.ru;22.09.1976
632;Рябова Карина Тихоновна;9505031649;;8-958-548-22-39;;;uxqdupgswo@jrxansq.ru;23.09.1976
633;Исаев Кирилл Дмитриевич;8433428078;;8-979-906-37-49;;;unw@lwkvtsnlc.ru;24.09.1976
634;Носов Олег Романович;4048795944;;8-999-465-66-87;;;rwdlbqoodhpuw@mcotjavb.ru;25.09.1976
635;Архипова Оксана Филипповна;1845566450;;8-929-567-55-63;;;iyhevyjtmodycguoggir@qvnznvbyy.ru;26.09.1976
636;Зуева Кира Павловна;4076628429;;8-932-742-15-13;;;b.wljtag@qm.ru;27.09.1976
637;Белозёрова Галина Андреевна;5563669646;;8-939-916-29-57;;;wczhfjpgfttujtjc@uozymgzvrf.ru;28.09.1976
638;Яковлев Ростислав Родионович;8615816872;;8-927-046-17-83;;;mipmlorlwageshp@mibsiyace.ru;29.09.1976
639;Калашникова Влада Витальевна;4516514793;;8-963-167-72-19;;;qdvnwlhycpbdmcuuv@iovc.ru;30.09.1976
640;Алексеева Ангелина Айдаровна;9113258348;;8-934-981-98-67;;;;01.10.1976
641;Гордеева Ксения Тимофеевна;2270032710;;8-968-278-76-15;;;elib.20wo9yjicdky@z546r.ru;02.10.1976
642;Савельев Григорий Петрович;332147983;;8-965-140-57-34;;;slu5r7l021n4k4vl@f1se715fx.ru;03.10.1976
643;Козлов Эмиль Ярославович;4938200194;;8-975-482-89-94;;;s7.frh67.6beex0mqm@nn.xe.ux.ru;04.10.1976
644;Виноградова Вероника Макаровна;7157925144;;8-916-408-28-62;;;zrltvvva9g128@by56426.ru;05.10.1976
645;Горшков Родион Альбертович;6920935301;;8-918-192-91-81;;;ykuom7.o9w.t1x123y@bqons.ru;06.10.1976
646;Шаров Лев Олегович;8491569074;;8-969-953-43-04;;;wedvyep4s4@s6ecirnr.ru;07.10.1976
647;Ковалёва Надежда Викторовна;2026942266;;8-966-567-94-27;;;itn2c1@ku7yy.ru;08.10.1976
648;Орлов Кирилл Миронович;3656698398;;8-961-643-10-19;;;bqrvy0q8@qxkae599k.ru;09.10.1976
649;Федосеева Таисия Давидовна;4416351045;;8-971-164-95-82;;;ae@jtbja7bw.ru;10.10.1976
650;Харитонова Виолетта Савельевна;9197056730;;8-996-723-61-73;;;q0xeg794nzz@dir05iz2.ru;11.10.1976
651;Комарова Ангелина Всеволодовна;1775701266;;8-954-841-22-06;;;l8f12qivt0j1wnww@egag25yr.ru;12.10.1976
652;Трофимов Марк Романович;4952384021;;8-916-946-82-27;;;upg2ncqe@znfxj0d.ru;13.10.1976
653;Мясникова Валерия Евгеньевна;6953854879;;8-962-373-34-89;;;olk3t.@pjmlpi58z.ru;14.10.1976
654;Виноградов Егор Денисович;3852616580;;8-931-334-58-26;;;usq4afx9rf18@kljxu3nde.ru;15.10.1976
655;Игнатова Алина Платоновна;1138256831;;8-946-605-90-42;;;v7eac4.lkl43jvdz@p7.lrg.ru;16.10.1976
656;Маркова Елена Максимовна;2529969490;;8-927-543-50-65;;;cei1x5@vlqt7fa7.ru;17.10.1976
657;Петрова Эвелина Егоровна;1793238474;;8-921-569-15-27;;;umohjmmx@ha4xs.z4.ru;18.10.1976
658;Харитонов Альберт Русланович;9767654923;;8-913-732-87-69;;;rrlvrto6ihg2oze5zx@bmugi.ru;19.10.1976
659;Калинин Матвей Артёмович;7731732008;;8-974-749-94-36;;;w8a63@s2h3ovl.ru;20.10.1976
660;Авдеева Эмилия Тимофеевна;7697451423;;8-952-351-09-88;;;cfg88y9bi1s5wagf6tu@vdlw4x.ru;21.10.1976
661;Константинов Ростислав Макарович;3561869835;;8-931-652-14-12;;;afr61dolp8@qwjv.ru;22.10.1976
662;Ермаков Андрей Артурович;7062774526;;8-910-043-31-26;;;bpcagd78gopv.u3g7k@ljshhv.ru;23.10.1976
663;Мельникова Варвара Глебовна;8134242546;;8-942-816-23-42;;;kod7ps4rhtni7qv@j2n.ru;24.10.1976
664;Зимин Валерий Гордеевич;3989369827;;8-986-927-52-16;;;xiqa@a71xe7k50.ru;25.10.1976
665;Семёнов Марат Глебович;7992919274;;8-920-218-32-89;;;h8dayxr1xe@say.i.ru;26.10.1976
666;Третьякова Лиана Арсеньевна;6033282081;;8-924-234-42-90;;;hhx8uvnn8vo2d5af4d@iai.ru;27.10.1976
667;Кузьмин Тимур Артемьевич;7687420043;;8-978-697-46-14;;;vdy@se.ru;28.10.1976
668;Евсеев Андрей Артёмович;9782889651;;8-923-066-08-07;;;g9qny3pgqs48ys3l@gamg4kzu9.ru;29.10.1976
669;Ларионова Эльвира Германовна;4192014753;;8-945-525-37-25;;;odw4im.x0j6.o4o98@oe.z2d.ru;30.10.1976
670;Зимин Богдан Викторович;3240282247;;8-928-633-58-70;;;wbv4hiu.46xkj9e.u2gs@fdga2uy.ru;31.10.1976
671;Горбунов Платон Родионович;3813663932;;8-965-472-75-06;;;rs200l24be5gu8k@ku3b.ru;01.11.1976
672;Савин Артём Ярославович;436481049;;8-953-341-04-82;;;deg0fqjzgl2@os.ru;02.11.1976
673;Тихонов Никита Арсенович;7692966015;;8-965-213-69-66;;;;03.11.1976
674;Жданов Мирон Борисович;4140669915;;8-937-037-97-40;;;rnwob5l28acua@yxzmusagd.ru;04.11.1976
675;Гришин Михаил Назарович;248679779;;8-967-154-38-26;;;udnbc353@if.ru;05.11.1976
676;Захаров Вадим Никитович;6882945906;;8-988-200-29-99;;;fj1c.qnckdk5c1@pr.ru;06.11.1976
677;Князева Ева Федоровна;4854062305;;8-944-792-94-01;;;l8s9cxpuzri.i70qme@ix.ru;07.11.1976
678;Зуев Виктор Никитович;3273717719;;8-969-301-41-40;;;nqrjf3uahj@qzyq75v7.ru;08.11.1976
679;Волков Арсен Захарович;685553709;;8-996-295-33-76;;;c0ldl9gp.sycqcts3@tk1.ru;09.11.1976
680;Горбачёв Егор Робертович;3189566762;;8-996-043-46-49;;;nks5kg0d7472.zbywt28@uc.ru;10.11.1976
681;Лапин Ринат Данилович;3807874946;;8-991-477-12-71;;;v79@s.ldxq.ru;11.11.1976
682;Данилов Александр Витальевич;915099346;;8-938-246-47-67;;;h6jmqzke6fxyd2i590f@phk.l0d.ru;12.11.1976
683;Новиков Филипп Ростиславович;2857278824;;8-968-144-47-95;;;w7zjfv17nr5zh9.rlb.@jlv.ru;13.11.1976
684;Веселов Родион Иванович;4223622769;;8-957-331-41-01;;;umy87cck4gx33yv@an0.ru;14.11.1976
685;Иванов Алексей Ринатович;8507971065;;8-992-694-11-61;;;mkhqjvjf4t84ukjxlp@zap.ru;15.11.1976
686;Тихонова Наталия Даниловна;9971403886;;8-983-602-43-15;;;y6mod6ux65sttva@ynci8u5.ru;16.11.1976
687;Копылова Тамара Георгиевна;1714653680;;8-941-357-88-10;;;zc.7jp9@rf.ru;17.11.1976
688;Захаров Анатолий Денисович;3546933185;;8-912-432-06-32;;;azqep2yt2xs14py5@bts0m.ru;18.11.1976
689;Егорова Яна Константиновна;9222736540;;8-930-914-72-80;;;r3f4@udmdd1hufx.ru;19.11.1976
690;Колесников Степан Станиславович;6657784705;;8-911-123-55-06;;;ahsarl7z5x9c8@ny5rec7.ru;20.11.1976
691;Козлов Макар Александрович;777906779;;8-974-258-72-65;;;cs6jxs09261jieu74sq@dqhm2mv.ru;21.11.1976
692;Громова Анастасия Данииловна;878252690;;8-900-905-20-88;;;vmtu@iyw.ul.ru;22.11.1976
693;Гусев Юрий Степанович;7505723973;;8-979-125-69-79;;;c3@u5cxdp1e.ru;23.11.1976
694;Кудряшова Тамара Ильинична;9063862460;;8-927-442-97-67;;;f00bw44dw6xxig6@vn.ru;24.11.1976
695;Корнилова Татьяна Захаровна;9643681235;;8-953-091-27-41;;;ir@cb.ru;25.11.1976
696;Сафонова Лиана Гордеевна;8322866727;;8-975-635-75-96;;;js83qaj0u00d7eu@sp6ey.ru;26.11.1976
697;Никитина Милана Филипповна;1695544827;;8-994-276-59-20;;;lpvkn4w.qmusfldqus@lcwpcuvr.ru;27.11.1976
698;Владимиров Александр Макарович;7550377165;;8-966-808-93-20;;;euz5khjvxipiofw9fu@v5m2i.ru;28.11.1976
699;Виноградова Амалия Ильинична;7237608107;;8-913-934-21-87;;;g.8vatsoaagcl4@hw0j8.ofpf.ru;29.11.1976
700;Силина Ульяна Вячеславовна;547104408;;8-948-175-28-26;;;k3u8qr5ym@isly.ru;30.11.1976
701;Калинина Людмила Олеговна;8651594076;;8-993-924-58-64;;;;01.12.1976
702;Костин Николай Ростиславович;1208216147;;8-938-139-58-52;;;xrl7ads39@kai6.ru;02.12.1976
703;Ермаков Никита Матвеевич;7405376310;;8-998-650-49-51;;;m2ko1edewk.kvjbmm@av.ru;03.12.1976
704;Селезнёв Николай Давидович;6901393162;;8-944-434-34-30;;;prlnpqpq6@jcd.ru;04.12.1976
705;Кулагина Маргарита Платоновна;4578540713;;8-945-470-75-89;;;vn@v7z.ru;05.12.1976
706;Филатова Галина Данииловна;9481938628;;8-907-137-44-97;;;kpkc46ud8e57crew@g07w3f.ru;06.12.1976
707;Ширяева Надежда Леонидовна;6615858765;;8-936-675-12-88;;;yuw9prnhv3gpr@bwqyl7vip.ru;07.12.1976
708;Бурова Надежда Эмильевна;2504242517;;8-999-360-84-17;;;y.u7d1kohcu0r@cyz.ru;08.12.1976
709;Гусев Константин Романович;777162389;;8-901-864-14-06;;;ikhq5g0c82dz5@md41.ru;09.12.1976
710;Силина Лидия Артемьевна;4337598273;;8-970-249-68-70;;;w7bnj9os0ty@irig.ru;10.12.1976
711;Жукова Ника Денисовна;4013726624;;8-968-372-46-39;;;j5m0@gghzn.htr.ru;11.12.1976
712;Фадеев Филипп Леонидович;1349521011;;8-980-586-52-50;;;xv33@plka.ru;12.12.1976
713;Некрасова Ксения Степановна;3551300937;;8-943-846-74-12;;;tw4bdcy0uo2zsdbvbzw@e3edborqe0.ru;13.12.1976
714;Капустина Аделина Тимофеевна;534303746;;8-949-758-39-91;;;xam2l3mrxwmgkppr2@j5trr6a.ru;14.12.1976
715;Гаврилова Таисия Святославовна;6865534376;;8-909-251-48-20;;;efh85gd.n5tt5q4iiiy@k3ln.ru;15.12.1976
716;Селиверстов Артемий Никитович;8862937427;;8-970-505-45-39;;;at4@kcqi96.ru;16.12.1976
717;Копылов Савелий Витальевич;9883916157;;8-900-376-30-29;;;kcgehvwe91uz6l7a4@e30bv.ru;17.12.1976
718;Лукин Данил Георгиевич;4222528006;;8-918-978-75-61;;;skittyxh9vngxyfwai@k274sp5j.ru;18.12.1976
719;Лаврентьев Артур Андреевич;2065771476;;8-959-171-44-77;;;vi@wwhnihxca6.ru;19.12.1976
720;Панфилов Глеб Владимирович;2104923942;;8-976-417-39-51;;;tfq.dm3yyiasa1@ugzb.51.ru;20.12.1976
721;Киселёва Майя Константиновна;651322438;;8-988-744-65-83;;;k766a63h0zu9arqixne@d7pf7rutva.ru;21.12.1976
722;Блохин Константин Антонович;8213382586;;8-946-142-81-83;;;klp54gm2@oc63n.ru;22.12.1976
723;Быков Семен Станиславович;3693300394;;8-921-385-12-29;;;i7g10kg0v1ou@hk.ru;23.12.1976
724;Михайлов Мирослав Сергеевич;2411527540;;8-939-580-42-57;;;u1o1364r506u@t47.ru;24.12.1976
725;Суворова Юлия Данииловна;1730886023;;8-951-436-92-36;;;zhlza4kjn.sasa5w3.@ak5t9up4f.ru;25.12.1976
726;Чернов Евгений Вадимович;6944181051;;8-988-583-15-24;;;fctql00m.7webq3822bv@kkbecke.ru;26.12.1976
727;Попова Алла Демидовна;1038311360;;8-901-633-20-63;;;ac167g7xb4551dtk.@cssjjs.ru;27.12.1976
728;Воронов Всеволод Валерьевич;2561532571;;8-953-946-83-84;;;ty02m@bi79ac0f72.ru;28.12.1976
729;Карпов Алексей Егорович;2252069846;;8-945-203-52-34;;;l4e9e5jx8y2jh@lu4tjzhu.ru;29.12.1976
730;Александров Айдар Айдарович;8619607807;;8-901-483-41-70;;;jwev8y@vvaehujx8.ru;30.12.1976
731;Гаврилов Даниил Захарович;3953178732;;8-974-392-58-56;;;fee@euefe2v5.ru;31.12.1976
732;Комиссарова Ульяна Захаровна;4379697449;;8-923-295-28-49;;;kj9dx@ulfm9rxzc8.ru;01.01.1977
733;Шестаков Арсен Арсеньевич;4103132000;;8-997-634-77-46;;;nb3l@vn3e.ru;02.01.1977
734;Кононова Ирина Артемьевна;6673036034;;8-968-279-20-04;;;cfn6mhn8vz9ujtig4@vmxqk8.ru;03.01.1977
735;Доронин Артём Львович;2114444541;;8-909-774-71-04;;;cmy1yduh@fh6w.ru;04.01.1977
736;Костин Вячеслав Маратович;5115125985;;8-984-321-92-15;;;tviflswwkr8hr7m7sbq@ss161j8f8t.ru;05.01.1977
737;Шарапов Тимур Гордеевич;4023913944;;8-945-337-58-44;;;;06.01.1977
738;Блохина Любовь Назаровна;8715807283;;8-935-741-46-52;;;sh6voehi@gok84c.ru;07.01.1977
739;Красильников Ринат Назарович;4134569436;;8-944-546-65-86;;;vb1dpgo@lj.ru;08.01.1977
740;Данилов Альберт Степанович;2102049067;;8-970-981-35-89;;;way@jdc4e.ru;09.01.1977
741;Щукин Роман Григорьевич;362276944;;8-909-719-47-35;;;dm6uli1yyttm@m8b6.ru;10.01.1977
742;Брагин Владимир Филиппович;2598934725;;8-937-438-52-68;;;gf@t3bk7j3p.ru;11.01.1977
743;Королёва Милана Витальевна;8981133470;;8-958-988-02-25;;;uu6g4br@xqgg9.ru;12.01.1977
744;Артемьев Владимир Павелович;3380912249;;8-995-910-67-60;;;ozbisam4nmrefj9z3pje@dnt50o.ru;13.01.1977
745;Зиновьев Георгий Русланович;2957973807;;8-981-447-43-63;;;g3ay1@ovp.ru;14.01.1977
746;Голубев Эмиль Святославович;566197263;;8-961-607-79-36;;;aq@x3f.ru;15.01.1977
747;Антонова Наталья Львовна;4072158899;;8-925-894-50-36;;;d1etd2k@xg.ru;16.01.1977
748;Кудрявцев Роберт Евгеньевич;4220322532;;8-926-204-83-05;;;dwljzolgd@tvx71.ru;17.01.1977
749;Медведева Агата Антоновна;6212608409;;8-971-950-11-35;;;fwnv0tcn0qhohfud@k2na5mst73.ru;18.01.1977
750;Овчинников Даниил Андреевич;7182329034;;8-974-065-92-70;;;ctj804q9lnalcoseum@fqe.ru;19.01.1977
751;Суханов Макар Евгеньевич;7422407650;;8-976-746-32-91;;;sedu6k@kl278h62e4.ru;20.01.1977
752;Евдокимова Эльвира Дмитриевна;1580662229;;8-916-287-87-50;;;de82yqpaw4dbhvl@oe19s.ru;21.01.1977
753;Карпова Анжелика Матвеевна;7493921819;;8-953-867-83-55;;;wkiix@bl.ru;22.01.1977
754;Комаров Антон Степанович;9508924084;;8-988-426-59-97;;;w9zah.9y9vou2c9u@jyx.ru;23.01.1977
755;Беляева Василина Георгиевна;8351222673;;8-904-272-07-55;;;a61m7n58clim0@x5.1vmpbs9.ru;24.01.1977
756;Григорьев Альберт Маратович;9334626040;;8-958-823-34-03;;;bxk9fngf0bjwmxw9@na.ru;25.01.1977
757;Капустин Вадим Леонидович;5411862249;;8-994-821-71-75;;;e40ax0u145@j4u76tqt7.ru;26.01.1977
758;Суворов Вадим Станиславович;4396860662;;8-945-033-97-70;;;o.z979dm0ef@fec.ru;27.01.1977
759;Казакова Таисия Владимировна;3112830453;;8-957-221-85-67;;;e5zb9hqx6ommy@nzx.ru;28.01.1977
760;Устинов Константин Борисович;9408192654;;8-990-955-27-02;;;e17fienpzfil0fi1l00w@dth.ru;29.01.1977
761;Наумов Роман Анатольевич;3758089507;;8-984-936-53-68;;;ourf41ygwjsixi@nls8whl.ru;30.01.1977
762;Фадеев Максим Евгеньевич;6781460901;;8-922-877-77-97;;;wo5nh@njoihawb.ru;31.01.1977
763;Никифорова Юлия Арсеньевна;8291254709;;8-983-503-13-50;;;mb9cnxcb1llx4a8s7mc5@da70.ru;01.02.1977
764;Давыдова Виталина Давидовна;6456997671;;8-976-520-99-94;;;nsg7i3mjqco8it7hn@jell7r.ru;02.02.1977
765;Шашкова Кристина Степановна;9313224329;;8-931-080-16-12;;;vgtey53dv7t@j.5eobo1ju.ru;03.02.1977
766;Фомичёв Владимир Гордеевич;3822226966;;8-980-127-26-14;;;nke9yj@mt.ru;04.02.1977
767;Одинцов Глеб Константинович;7515703664;;8-906-577-35-97;;;cf5p35sm70hwh8iq@eq2civt23.ru;05.02.1977
768;Князева Амина Борисовна;2935161429;;8-934-670-70-40;;;w79kacvnc0s5x8p@ntk45a.ru;06.02.1977
769;Максимов Вадим Русланович;3908665615;;8-933-220-43-76;;;kbda7wvi0@p9.ru;07.02.1977
770;Ефимов Тихон Родионович;5955920652;;8-973-505-34-42;;;rpse6byh110y@kk0wsr2o6z.ru;08.02.1977
771;Вишняков Тихон Русланович;6589594571;;8-979-300-92-42;;;wogt1.p5a4rzk@rm.ru;09.02.1977
772;Денисов Егор Янович;5171919785;;8-907-402-74-65;;;aozc6m67w2rirbc@ezj3982z7.ru;10.02.1977
773;Ковалёва Аделина Юрьевна;5027877489;;8-959-712-94-29;;;n5.7s9o11n6@cx0as.ru;11.02.1977
774;Брагин Игнат Тихонович;5304289881;;8-957-582-88-71;;;d4r0s.b09q7.2tuixew@gydg1f.ru;12.02.1977
775;Яковлева Ксения Тимуровна;9578278020;;8-923-221-68-50;;;hm9ta91h@gafqikheb9.ru;13.02.1977
776;Денисова Елена Юрьевна;1005291080;;8-996-135-88-71;;;sv98y@pd5t5.khy.ru;14.02.1977
777;Белозёрова Владислава Богдановна;8590428534;;8-995-512-12-59;;;;15.02.1977
778;Ефимова Карина Филипповна;649659639;;8-959-498-53-87;;;mz9s7pauhiqf59@i4mcqy8.ru;16.02.1977
779;Воробьёва Мелания Семеновна;386207318;;8-919-266-14-53;;;vg1fes6robv@eu.bhh4v.ru;17.02.1977
780;Прохоров Артём Тихонович;6670402215;;8-920-188-47-06;;;c1g6.t3bu4k2r05b02xi@nkmrhog39.ru;18.02.1977
781;Герасимова Василиса Тихоновна;807334457;;8-929-732-81-44;;;itrxmrq3tzg2zosk@nucm.ru;19.02.1977
782;Дьячков Артемий Данилович;8922774956;;8-901-403-11-27;;;io2o46t65q9dxl5@sa50g.ru;20.02.1977
783;Лихачёва Аделина Викторовна;1241405009;;8-925-826-40-69;;;oerknfhrnstw2e@m1.ru;21.02.1977
784;Никонов Егор Демидович;642322702;;8-931-020-31-59;;;omw@tyvh.ru;22.02.1977
785;Дементьева Полина Марковна;9764169217;;8-951-606-33-65;;;abi6e5i@kgs.ru;23.02.1977
786;Мартынова Ольга Артуровна;3187521220;;8-978-205-49-16;;;zwax5v6hz5mozae7u@exz2jvzqfo.ru;24.02.1977
787;Якушев Антон Владиславович;1645598901;;8-911-689-44-77;;;finefn2x@u0tjh.ru;25.02.1977
788;Селиверстов Захар Платонович;7025448476;;8-971-472-10-61;;;b98.pbvi0nkmg7@hgw.r.e14.ru;26.02.1977
789;Сазонов Родион Данилович;3565713968;;8-907-868-27-93;;;a7dv.s9wo147tt5su6@dwsi.ru;27.02.1977
790;Богданова Регина Руслановна;1576497879;;8-904-244-02-20;;;ime2m5v90zoobd4vrsu1@ezcsdq.ru;28.02.1977
791;Муравьёв Арсений Тихонович;6125415950;;8-924-294-63-94;;;ow.nkicas8@tn43.ru;01.03.1977
792;Третьякова Виолетта Макаровна;9104355185;;8-905-136-28-20;;;r6wocm9dg@rty3qr.ru;02.03.1977
793;Елисеев Владимир Михаилович;3556700875;;8-974-367-27-36;;;saw@bai.ru;03.03.1977
794;Ильин Филипп Родионович;9123629984;;8-929-880-60-66;;;gi.djk@p8iasn.ru;04.03.1977
795;Ильина Ярослава Петровна;6168344474;;8-902-772-81-11;;;kcywereqd.dz@u0t6.ru;05.03.1977
796;Тарасов Михаил Алексеевич;8591010039;;8-916-819-22-76;;;r.jltdijh@tc4.ru;06.03.1977
797;Евсеева Наташа Даниловна;8525066593;;8-998-069-81-91;;;ccpblb7h.9@cw.ru;07.03.1977
798;Зимина Арина Станиславовна;6984478016;;8-949-207-60-46;;;rfn@lene.ru;08.03.1977
799;Никитин Гордей Артёмович;3491183969;;8-961-865-62-34;;;oennt2shmr.b.b@ed1.ru;09.03.1977
800;Корнилов Юрий Борисович;2535414333;;8-986-584-83-92;;;tj@ew8e3yt.ru;10.03.1977
801;Анисимов Давид Святославович;3478992389;;8-939-887-69-60;;;n6gc0fuxt71l71@ye0z.ru;11.03.1977
802;Калашников Виталий Назарович;8453343814;;8-904-157-56-79;;;eg9ify3bp5mr1t9@o27la7ao6.ru;12.03.1977
803;Кудряшова Камилла Николаевна;9884872014;;8-979-363-68-87;;;rgcf8@a9jg.ru;13.03.1977
804;Мясникова Амалия Никитична;6305453822;;8-981-925-20-60;;;dm8ke9x8dld5npl7l@w7x513r6v.ru;14.03.1977
805;Рогова Евгения Викторовна;9087866433;;8-936-228-49-33;;;ev8h9km8hsuib5jp@gc6303lb.ru;15.03.1977
806;Новиков Александр Анатольевич;9090794667;;8-976-814-54-84;;;sc0nygbl794@assv8ggjuh.ru;16.03.1977
807;Федотова Амалия Станиславовна;2449481433;;8-960-431-16-40;;;do@o67z.ru;17.03.1977
808;Копылова Агата Сергеевна;9289779366;;8-960-157-42-62;;;;18.03.1977
809;Игнатова Ангелина Арсеньевна;1390156048;;8-932-910-77-96;;;h62vohvbpssay74978.@mze.ru;19.03.1977
810;Соловьёва Лидия Даниловна;6319338339;;8-901-906-25-52;;;acwrfnzhg@os2iac.ru;20.03.1977
811;Родионов Алексей Олегович;6223435337;;8-941-286-59-58;;;y28qtabpdxydqt2@ma.qctfhy2.ru;21.03.1977
812;Осипова Кира Гордеевна;6498072454;;8-902-430-75-90;;;k269fgwq40@e04.ru;22.03.1977
813;Стрелкова Амалия Максимовна;2525029353;;8-998-797-60-02;;;p6a.3kx4r8.9ffiuv0sx@tl209k.ru;23.03.1977
814;Галкин Олег Алексеевич;4858220556;;8-920-830-24-76;;;o0k4s5u2hg7gr9i@m0x2k.ru;24.03.1977
815;Романов Федор Александрович;5995107930;;8-959-286-60-73;;;ocl51g6qbrx.5@twg8m.ru;25.03.1977
816;Мамонтов Борис Вадимович;9311351663;;8-952-510-68-97;;;x3v5hc5lun7za.l.8up@vcfr.ru;26.03.1977
817;Рябова Елена Константиновна;6465514400;;8-900-383-07-60;;;y5ejf87w1ji@upb.ru;27.03.1977
818;Бирюков Михаил Робертович;1953463597;;8-945-367-99-35;;;w208g7zulwytwziridm@us0gwg.ru;28.03.1977
819;Самсонов Анатолий Альбертович;2432781711;;8-926-472-90-68;;;jgy3569xaee1c5p@gq.ru;29.03.1977
820;Захарова Ульяна Марковна;7797793683;;8-901-556-04-80;;;sd@y2pq.ru;30.03.1977
821;Емельянова Анжелика Захаровна;3677739868;;8-934-959-59-26;;;tfuljzdxkti7cswlku0n@gk146.ru;31.03.1977
822;Максимов Владислав Анатольевич;2414238783;;8-913-488-17-90;;;vw@tah4g6k.ru;01.04.1977
823;Суханова Лиана Викторовна;4937877407;;8-995-771-58-86;;;h5msbq4g1l8l.54c5j@j9.ru;02.04.1977
824;Сергеева Эмилия Евгеньевна;5039512791;;8-935-474-70-49;;;re65gz23b1spp@ype.ru;03.04.1977
825;Михайлова Ксения Алексеевна;522362377;;8-966-390-28-74;;;ixa9toy5jymtg3825p.i@nm.ru;04.04.1977
826;Орехова Инна Николаевна;6941774633;;8-998-151-94-09;;;jupuaw8h2.mz4c7gzw6@y8ipex9c.ru;05.04.1977
827;Смирнова Нина Артёмовна;4104684358;;8-920-281-22-44;;;p.r5rztpg6ye.4oast6@k891.ru;06.04.1977
828;Князева Ева Юрьевна;203082744;;8-993-014-64-28;;;mpilitozuins@xwezen3wl.ru;07.04.1977
829;Воробьёв Владислав Романович;7851217304;;8-949-217-33-54;;;h.d0ur3lb1zmzb0axeh7@il3jv.ru;08.04.1977
830;Сазонова Варвара Артёмовна;7483386583;;8-971-244-97-95;;;o198pez53otgd98@mwlq.ru;09.04.1977
831;Зиновьева Наталия Алексеевна;6799713848;;8-932-505-12-64;;;yzpx5tm8o2j2@z2.ru;10.04.1977
832;Некрасова Анастасия Святославовна;1864574880;;8-908-722-94-74;;;o0or6f3egn4a0yo2dv63@nxedyx.ru;11.04.1977
833;Васильев Павел Николаевич;1281577878;;8-950-308-32-24;;;f.lg@v2mndhmprn.ru;12.04.1977
834;Субботин Артур Сергеевич;3258556978;;8-923-374-99-32;;;j2ktsrhsi5lju7emm@k80yosp.ru;13.04.1977
835;Гусева Майя Степановна;4553926013;;8-916-232-79-20;;;nm30h@gu.wg69.ru;14.04.1977
836;Савельева Виталина Савельевна;9846092517;;8-961-553-58-31;;;r4lxsj.4x3qlv6ori@uwotw143ip.ru;15.04.1977
837;Галкина Мирослава Филипповна;2088861726;;8-938-598-94-27;;;gaf9jgokm19k1t4n525h@lafnge.ru;16.04.1977
838;Зыкова Эмилия Тимуровна;4896984320;;8-993-424-48-97;;;j25z2@f3unl6ulw.ru;17.04.1977
839;Ильина Ульяна Тимофеевна;9609672642;;8-938-236-39-88;;;vb3hgtv1za2lw@e6frnr05o.ru;18.04.1977
840;Лебедев Валерий Викторович;5838859690;;8-969-753-44-99;;;uouh51.egt5.9lpl@uh9us.ru;19.04.1977
841;Маслова Ангелина Артуровна;7047241484;;8-954-553-75-37;;;qc.sduljqtlujqg94@wtd.ru;20.04.1977
842;Комиссаров Никита Леонидович;5008322095;;8-965-438-72-88;;;tbdnv0xcc@jovfuj.ru;21.04.1977
843;Вишняков Константин Маркович;6369881002;;8-990-923-46-14;;;cmprk4k71a@m4dl41.ru;22.04.1977
844;Воронцов Олег Миронович;340917899;;8-903-066-92-60;;;bpopc90tnbns03@yecq.ru;23.04.1977
845;Мишина Светлана Владиславовна;3994939066;;8-972-980-38-66;;;hzvnjzy8i0jufnx1@zf.ru;24.04.1977
846;Константинова Ника Захаровна;8745680657;;8-934-300-52-88;;;jozute6w7hm0lu@snpzh5bqh.ru;25.04.1977
847;Евсеева Наталия Тимуровна;7079932261;;8-929-359-59-85;;;n77ojyig77a3.lakm@flk.ru;26.04.1977
848;Воронова Ярослава Арсеньевна;4140844349;;8-935-138-71-82;;;aqer5.lfmlzlu9q@w0.ru;27.04.1977
849;Панфилов Максим Артурович;9054705041;;8-915-364-68-27;;;koao1z.jz24646qov8o@rgpem5pdx.ru;28.04.1977
850;Рожков Арсен Янович;4432773976;;8-916-123-88-11;;;ins4ypskuh.y8fcvd@j3yoe.ru;29.04.1977
851;Муравьёв Данил Львович;1044388940;;8-943-962-71-57;;;falqdtda@c5.ru;30.04.1977
852;Лобанова Ульяна Мироновна;4667259443;;8-950-562-72-46;;;fpdntp392kvhzxf1ajef@ap.ru;01.05.1977
853;Александрова Эмилия Марковна;7815149578;;8-988-651-66-31;;;;02.05.1977
854;Аксёнова Олеся Павловна;1449760170;;8-909-491-64-75;;;d3sjdtduh6btt@ocadk6.ru;03.05.1977
855;Пестова Алла Владимировна;7880201003;;8-951-199-87-98;;;zwrppfsyo@zyzr.ru;04.05.1977
856;Константинова Василиса Данииловна;5169438797;;8-994-527-72-84;;;e2.z3rr@o2v.v20.ru;05.05.1977
857;Веселова Милена Эдуардовна;8351671059;;8-926-755-57-21;;;eydo.3bp5z5n1s5@ew.ru;06.05.1977
858;Меркушев Ринат Янович;7724402533;;8-965-606-87-28;;;jzn5292xy@jhtex.ru;07.05.1977
859;Гуляев Михаил Петрович;4611996244;;8-989-091-53-41;;;f00x@r63f.ru;08.05.1977
860;Панфилова Светлана Платоновна;2831403057;;8-914-539-62-45;;;u8@z03hc3eye.ru;09.05.1977
861;Емельянов Рустам Тимофеевич;6397240325;;8-955-050-31-19;;;h0yvo754@e9.ru;10.05.1977
862;Некрасов Демид Сергеевич;4318140092;;8-941-300-29-09;;;wpw6vjdzy@vpm.ru;11.05.1977
863;Колобова Василиса Мироновна;957223815;;8-951-224-40-40;;;udtffc778q@jfx29rm.ru;12.05.1977
864;Меркушев Вячеслав Федорович;5017359937;;8-919-688-68-33;;;v67ik65agqk@lkp.ru;13.05.1977
865;Соколова Ева Савельевна;8308909649;;8-991-357-89-56;;;tnovsc3r4067tw2mtt9r@zswjntq.ru;14.05.1977
866;Бобылёва Анна Филипповна;152397754;;8-987-286-41-27;;;rmw3ld.p@ebziuio.ru;15.05.1977
867;Фокин Леонид Робертович;4118490179;;8-988-767-27-18;;;fwpbievqkh7a552cc8a@d68al19goe.ru;16.05.1977
868;Тимофеева Мария Георгиевна;960068649;;8-960-517-98-69;;;ewprp@on5oism.ru;17.05.1977
869;Макаров Родион Русланович;2782698175;;8-992-949-61-07;;;o1v4jqcapl354v8@f6.ru;18.05.1977
870;Кузьмина Лидия Антоновна;4220891102;;8-911-955-07-45;;;hve@zcx.ru;19.05.1977
871;Рожков Артём Ростиславович;3486635757;;8-920-461-94-33;;;yfjz5yzm@jpjb2hsro.ru;20.05.1977
872;Беляев Артём Александрович;4858613040;;8-989-490-88-51;;;cvaaw2ju5mvo5nkbj@piam4uumqc.ru;21.05.1977
873;Комаров Даниил Робертович;4813323443;;8-934-107-08-35;;;hu@jw0.ru;22.05.1977
874;Поляков Вячеслав Рустамович;218902849;;8-938-545-31-12;;;pzvgdugx@s8z0ny9.ru;23.05.1977
875;Одинцов Мирон Эдуардович;6813377037;;8-909-984-94-55;;;q76kczat5qq.cuii@xxornnttmf.ru;24.05.1977
876;Миронова Нелли Владовна;5897742444;;8-909-156-06-74;;;h2i0bkzvj9muahs9c4s@puk3hcq72m.ru;25.05.1977
877;Емельянова Анастасия Александровна;3095857138;;8-989-999-39-60;;;j3t6lr5koamh@rv.ru;26.05.1977
878;Архипова Ярослава Захаровна;1253776523;;8-908-465-29-79;;;zyai@maz.gxwml.ru;27.05.1977
879;Гаврилов Вадим Егорович;3001724512;;8-909-877-16-07;;;m1@y7ztl80h0s.ru;28.05.1977
880;Гаврилов Роман Артёмович;165158838;;8-965-056-70-76;;;gzw2nh4uz9p4e8zg@fd.ru;29.05.1977
881;Кабанов Матвей Савельевич;3038430196;;8-952-017-82-84;;;h8tnal.9ipe2vtw1ee7@kt2pblb.ru;30.05.1977
882;Баранова Надежда Львовна;8746162620;;8-985-489-26-72;;;yqeyxezmsmivw.v@cnl.ru;31.05.1977
883;Голубев Денис Сергеевич;7584789350;;8-922-395-73-23;;;;01.06.1977
884;Самсонов Иван Денисович;144796672;;8-960-175-65-94;;;wvrekkbrr7pizr0xgoom@cp.ru;02.06.1977
885;Орлова Василина Павловна;216047093;;8-964-565-58-26;;;fsvr@h0y5bq.6.ru;03.06.1977
886;Брагина Амалия Мирославовна;7584788635;;8-990-792-81-47;;;tnspt1r3ai@gqpmhx2oq.ru;04.06.1977
887;Белякова Людмила Вячеславовна;2990390028;;8-964-806-73-99;;;lje7vilmvx9t1qu@b6vo56nz.ru;05.06.1977
888;Шаров Илья Всеволодович;9644844482;;8-953-848-22-74;;;ceq8cyec@gcq.ru;06.06.1977
889;Орехов Руслан Борисович;5960484186;;8-907-045-46-52;;;j9lsm7vj.yohc@ac1e7.ru;07.06.1977
890;Никифоров Вячеслав Демидович;9877295457;;8-998-737-03-08;;;sp@txw79.ru;08.06.1977
891;Нестеров Станислав Ростиславович;8516913687;;8-946-164-65-05;;;n7ngrwgh@fafuzz5y.ru;09.06.1977
892;Кудряшова Виолетта Кирилловна;7036364380;;8-971-147-33-05;;;zk0rqt1ixh46xh@ur7.ru;10.06.1977
893;Шестакова Мелания Евгеньевна;7248932076;;8-968-928-89-01;;;n7@ukn.ru;11.06.1977
894;Рябов Виктор Филиппович;9534095196;;8-981-842-68-59;;;aeg7cu.i8d8l@y9j22dtx7i.ru;12.06.1977
895;Блохин Степан Максимович;8129619778;;8-935-649-69-25;;;t79misx20j7l6.@w3.ru;13.06.1977
896;Тимофеева Диана Данииловна;2104313216;;8-987-569-46-17;;;m1p9z7yhd@eax.ru;14.06.1977
897;Комарова Олеся Вячеславовна;4277331084;;8-982-749-79-54;;;vw4ei403uew8@of7da5cbr1.ru;15.06.1977
898;Мельникова Татьяна Никитична;5106986322;;8-975-743-06-58;;;qhnei@if5uy4.1b.ru;16.06.1977
899;Белова Наташа Антоновна;4356875324;;8-900-940-42-06;;;yu0da36cqk@e4.4z.ru;17.06.1977
900;Красильникова Нелли Арсеньевна;185769652;;8-919-985-49-05;;;k.8.643htwx9h9srixrj@mfhcm9iw3c.ru;18.06.1977
901;Трофимова Ксения Захаровна;5812769667;;8-912-973-95-37;;;ke910w@gx4vp2wb.ru;19.06.1977
902;Рожков Никита Давидович;7457531839;;8-966-466-40-35;;;eiuvkjxugra@d7ixi71.wi.ru;20.06.1977
903;Козлова Екатерина Платоновна;4753671557;;8-969-385-29-53;;;qdrjd9@j1o6w.ru;21.06.1977
904;Григорьева Влада Семеновна;8338536837;;8-924-957-52-90;;;akc6x@p9.ru;22.06.1977
905;Емельянов Владимир Тимофеевич;1209482101;;8-984-126-75-80;;;js@chc0d8g.ru;23.06.1977
906;Дьячков Виктор Львович;2885280499;;8-934-867-36-90;;;n9w5cumzf1@w18ilfei6.ru;24.06.1977
907;Соколов Иван Михаилович;8170410521;;8-906-212-40-29;;;lbpgh31litv9@r5x3do.ru;25.06.1977
908;Муравьёва Камилла Георгиевна;4753127994;;8-919-722-93-23;;;q.bj97ferunppv2s@iofltilnf.ru;26.06.1977
909;Исакова Ксения Арсеньевна;3987378625;;8-954-690-34-96;;;lllbj9s8.3@klrzqsq.ru;27.06.1977
910;Васильева Виталина Назаровна;899324803;;8-945-864-02-19;;;hivbnp5lhyrz0jt@n7y.ru;28.06.1977
911;Князев Роман Родионович;124980375;;8-918-072-92-21;;;b4pkcq@gl1ev.ru;29.06.1977
912;Галкина Галина Константиновна;607020192;;8-909-759-03-81;;;zoc7klltaaqbks848@r.5.ru;30.06.1977
913;Осипова Елизавета Семеновна;7901896476;;8-936-838-16-78;;;a1e2h98o9yusg4am727@ad9w.ru;01.07.1977
914;Дмитриев Эмиль Леонидович;8694996329;;8-911-313-11-97;;;ym6@ccbp.ru;02.07.1977
915;Силина Кира Мирославовна;3951976808;;8-995-004-84-69;;;za5k95i1enqcy6ojdn4k@onl.ru;03.07.1977
916;Якушева Амелия Матвеевна;2260576342;;8-906-633-32-26;;;zp3ehzxfzvs@mvi5xb649u.ru;04.07.1977
917;Власова Маргарита Тихоновна;5623205061;;8-993-141-92-09;;;hu4@ufr52railv.ru;05.07.1977
918;Яковлева Маргарита Александровна;8750240934;;8-971-096-83-99;;;ogpkeijzcmp66tuod6@u4ovxr8.0.ru;06.07.1977
919;Копылова Антонина Антоновна;3727629441;;8-909-463-25-27;;;isd4l2authxxzs16@exze28.ru;07.07.1977
920;Русакова Юлия Евгеньевна;5244499966;;8-978-478-41-43;;;rjbht7q0e.k.1h33@lz3v.ru;08.07.1977
921;Савельев Сергей Валерьевич;9066496111;;8-981-035-39-76;;;c86hxp.ki3k24qgpc6y1@cm.ru;09.07.1977
922;Гордеев Ян Альбертович;6719637761;;8-956-822-71-92;;;ru7shkgy6gzblelytowp@njh8.x9a.ru;10.07.1977
923;Шубина Любовь Петровна;2321051477;;8-949-422-44-08;;;gjv3h9uobtq9t2x1xxh@f2gvi2e9c.ru;11.07.1977
924;Медведева Валерия Степановна;3910159203;;8-962-235-98-34;;;romr0ql45.039d@tnc3cqe.ru;12.07.1977
925;Журавлёва Марина Филипповна;3839212142;;8-967-097-35-97;;;pgk9@exksvfaqtn.ru;13.07.1977
926;Константинова Анжелика Рустамовна;7046309673;;8-912-118-38-13;;;l84bpzycgdw0bo70k50@ciicccsz.ru;14.07.1977
927;Белозёров Влад Станиславович;2813707305;;8-996-881-27-28;;;dvz5t4505m@e18.ru;15.07.1977
928;Родионова Алла Демидовна;3826753109;;8-997-733-57-24;;;mfylhc5fq809z47@kpxc.ru;16.07.1977
929;Носов Влад Маркович;5390143472;;8-942-637-40-90;;;ueio.85.pdta3hbk7u@cbt61u.ru;17.07.1977
930;Сазонова Таисия Алексеевна;9214102326;;8-987-385-78-85;;;fb3w2f@uf.ru;18.07.1977
931;Князев Валерий Вадимович;8805960970;;8-903-760-18-29;;;pu@t8dxlr.ru;19.07.1977
932;Савельева Светлана Максимовна;394648804;;8-990-382-31-70;;;dtbg72fggd7c6n8@ajrw.ru;20.07.1977
933;Самойлова Ксения Григорьевна;1790891989;;8-977-371-39-06;;;jytpczjg6r@ppyzh.ru;21.07.1977
934;Тарасов Владислав Ростиславович;5991597026;;8-955-608-69-45;;;ckbgo.ci@hhfd4vva.ru;22.07.1977
935;Овчинникова Майя Ивановна;5516387322;;8-927-451-40-41;;;oc@k2bwns.ru;23.07.1977
936;Соболева Марина Рустамовна;8008465513;;8-924-893-94-57;;;gtmbbor98h6tgwniibk@jp1z77u10.ru;24.07.1977
937;Доронина Эмилия Георгиевна;281667031;;8-938-041-79-83;;;omk7vz2tnwtvgd@mtng.u.ru;25.07.1977
938;Мухин Егор Альбертович;9915739514;;8-904-069-16-90;;;q72.gfjxxn56@pbxwa.f.ru;26.07.1977
939;Фёдоров Лев Владиславович;2616855766;;8-933-986-93-02;;;ybk85kwhop@dlohbskwt4.ru;27.07.1977
940;Карпова Амина Ростиславовна;4001708991;;8-987-934-04-08;;;wyi829@a.7w.8gv.ru;28.07.1977
941;Петухова Ульяна Марковна;4274363239;;8-900-079-48-40;;;hgpr8.8wu8@qvb7gnau.ru;29.07.1977
942;Степанова Евгения Глебовна;7980427009;;8-920-473-20-99;;;dk.mm5d2tlochg9@z7kn.ru;30.07.1977
943;Комарова Валерия Назаровна;6916243970;;8-966-513-06-76;;;dxtgrq8rdqxb235@dvo6b.ru;31.07.1977
944;Власова Лариса Родионовна;5324477862;;8-948-871-58-97;;;wuaku6bxhn9pod66gqpl@rjvz.ru;01.08.1977
945;Лукина Нина Николаевна;7388425512;;8-913-003-99-85;;;uu@rj6oso99.ru;02.08.1977
946;Фомичёва Валерия Анатольевна;9927435828;;8-903-163-97-82;;;wdmb60g1nbcnbx@zdb549yg.ru;03.08.1977
947;Галкина Карина Антоновна;5917379794;;8-914-736-36-18;;;i7.w5heaqaax8e3mj@t1vvfid5.ru;04.08.1977
948;Шестакова Ольга Станиславовна;2775355320;;8-901-981-98-28;;;ftvbxpib7czculherp7z@o5n.ru;05.08.1977
949;Горшкова Ева Евгеньевна;2088384923;;8-935-312-61-70;;;icuo4fv@rg.ru;06.08.1977
950;Гаврилова Светлана Ивановна;427824351;;8-909-123-22-77;;;trrhiwjqc@si49rw.ru;07.08.1977
951;Савина Наталья Ростиславовна;5707969945;;8-996-813-42-41;;;tj8qkce.xn66@qs2t.ru;08.08.1977
952;Лыткин Юрий Рустамович;4936460299;;8-903-375-48-27;;;fo6doeh5tntabk4st@zdibz.ru;09.08.1977
953;Потапов Кирилл Николаевич;4120557529;;8-932-001-23-08;;;a84ebuj.kiv@t1.s2y.ru;10.08.1977
954;Бирюкова Наташа Станиславовна;7701037732;;8-936-486-96-01;;;lsz83igkqx@vxqh.ru;11.08.1977
955;Лапин Василий Станиславович;6182707326;;8-933-409-74-45;;;wxwo03miigfsayi8xvhq@okk.ru;12.08.1977
956;Шестаков Глеб Богданович;9989608710;;8-922-554-39-97;;;fxpsxpudir9ravypr4@q0rnq81.ru;13.08.1977
957;Воронцов Дмитрий Степанович;9395482714;;8-929-444-96-10;;;xy@pr1lw6oay.ru;14.08.1977
958;Потапова Александра Ярославовна;624353526;;8-998-501-06-18;;;s68ot.1gol@zg5glgp.ru;15.08.1977
959;Самсонов Василий Айдарович;3936685287;;8-996-578-50-85;;;p.@kb6okcw.ru;16.08.1977
960;Блохин Владимир Михаилович;1025519682;;8-999-825-70-28;;;gwu6bjlrzqn6lc0e@p9tq5l5bgu.ru;17.08.1977
961;Журавлёв Константин Федорович;2187507204;;8-919-726-36-84;;;nanb1y79tdozd@ctw.ru;18.08.1977
962;Туров Марк Родионович;867434109;;8-974-841-37-10;;;dglxc@qxtsv4fpok.ru;19.08.1977
963;Анисимова Василина Евгеньевна;6036439025;;8-963-956-22-85;;;ha7@fniyf6.ru;20.08.1977
964;Костина Галина Сергеевна;9889730814;;8-947-554-67-49;;;w3gu6awaada.cwg80cb@tf7suh.ru;21.08.1977
965;Емельянова Амина Арсеньевна;1096952992;;8-946-562-36-02;;;xqpinik8p5l@xtgmdcu8.ru;22.08.1977
966;Капустина Надежда Артёмовна;7845387830;;8-960-155-03-08;;;p6ad.ro@cr.ru;23.08.1977
967;Одинцова Яна Егоровна;5016096185;;8-972-467-71-31;;;lava9wz9cq066@h3hz4.ru;24.08.1977
968;Аксёнов Святослав Маратович;2131544519;;8-990-178-27-44;;;s.gz@u34.ru;25.08.1977
969;Кабанов Иван Ринатович;1381134662;;8-902-100-53-85;;;byg02uzee.fd@ntfo6.ru;26.08.1977
970;Сафонов Тихон Александрович;4533026215;;8-953-153-30-24;;;d8wiix@o0pv4byi9o.ru;27.08.1977
971;Филатов Игорь Дмитриевич;6256205520;;8-938-653-06-92;;;binv9huermnb@sjoce3.ru;28.08.1977
972;Брагина Стефания Тимофеевна;6230810957;;8-982-866-89-35;;;w789jek7pg@qy3n.ru;29.08.1977
973;Панова Ксения Петровна;5715464529;;8-921-524-61-87;;;fm9ws5xy739btab35h2@d53jverv5.ru;30.08.1977
974;Журавлёва Карина Владимировна;3725062927;;8-917-911-59-57;;;vb@rcj.ru;31.08.1977
975;Новиков Станислав Антонович;9094939309;;8-973-002-33-61;;;kxfsptr669h.h7uo@k3p39.ru;01.09.1977
976;Жукова Агата Александровна;7912207060;;8-905-022-45-76;;;bpwmzk@ed85.ru;02.09.1977
977;Виноградова Валентина Денисовна;6529931094;;8-983-786-83-75;;;p7491cn4@htq2sh44i7.ru;03.09.1977
978;Харитонов Ян Глебович;2906586323;;8-908-749-35-27;;;uar8t150x9y9.17pf5r@aygst0.pp.ru;04.09.1977
979;Никонова Наташа Артемьевна;281021668;;8-955-065-46-99;;;yxsql8vraxviugzzl@z8aza.ru;05.09.1977
980;Борисова Ярослава Дмитриевна;4026729071;;8-976-104-51-44;;;lc62dxm20g@cz3fed.ru;06.09.1977
981;Бурова Алла Алексеевна;3875739862;;8-922-657-57-94;;;lzqa8dr@rfah.ru;07.09.1977
982;Денисова Елена Романовна;931238031;;8-945-139-70-08;;;dxv3mdf80nlh5b63@urlyaf.ru;08.09.1977
983;Шубин Вадим Борисович;8890318950;;8-981-424-37-77;;;zngm@n06.ru;09.09.1977
984;Федосеева Аделина Александровна;8726488493;;8-967-408-78-90;;;emi@akkn1c.ru;10.09.1977
985;Прохоров Григорий Петрович;3513631685;;8-982-902-14-34;;;o.ylvmxf7z8afb92iq5r@wyz.k7h1kr.ru;11.09.1977
986;Щукина Ева Александровна;1396860160;;8-900-063-86-51;;;u1ughiooanml97d6tbvr@px.m9oksx.ru;12.09.1977
987;Логинова Анна Георгиевна;718527363;;8-935-063-07-49;;;ypohfht5za2hi12kbz0@xqzld.ru;13.09.1977
988;Моисеев Федор Степанович;1329761815;;8-915-326-77-03;;;n9ii9pthyooji1z19w2@w5pki.ru;14.09.1977
989;Куликов Евгений Тимофеевич;707521478;;8-987-559-91-83;;;x.vui87w3xg@sgtd5uigs5.ru;15.09.1977
990;Тарасов Влад Владимирович;2619804630;;8-939-306-15-32;;;eu1pqu7w0yb8.un@l.xeiy4fey.ru;16.09.1977
991;Григорьева Ника Артуровна;4239119711;;8-921-390-53-96;;;fvy@sci9t.ru;17.09.1977
992;Гордеева Александра Ильинична;4272508080;;8-948-828-13-89;;;wgtuw3166l@vb0.q.ru;18.09.1977
993;Гурьев Василий Глебович;9209293138;;8-925-437-29-99;;;kk6cuajt7l9y@mw.ru;19.09.1977
994;Наумова Василиса Савельевна;1047341294;;8-990-815-96-14;;;my@fxg8h3.ru;20.09.1977
995;Елисеев Даниил Глебович;9368849042;;8-935-747-60-29;;;rytkg@fs7.ru;21.09.1977
996;Блинова Олеся Олеговна;8839263934;;8-956-789-83-21;;;d3zuwddq@fgmpnd7jgx.ru;22.09.1977
997;Костина Марина Никитична;2474825607;;8-913-340-23-55;;;obgpw6k@n8.ru;23.09.1977
998;Сорокина Ульяна Витальевна;7919907839;;8-937-982-95-63;;;osvggyh@re.jxld.ru;24.09.1977
999;Селезнёв Тимур Маркович;1822873575;;8-902-999-12-77;;;vu5793e@jr0xgp2g.ru;25.09.1977
1000;Никифорова Наташа Олеговна;976527088;;8-943-790-15-84;;;zs78pq1kigwd@prnmdifdq.ru;26.09.1977
1001;Бородач Александр Радионович;3456789678;;8(918)38402343;;;obgpw6k@n8.ru;15.09.1977
1002;Бородач Александр Радионович;33456789678;;77778765478;8(918)38402343;;obgpw6k@n8.ru;15.09.1977
1003;Бородач Александр Радионович;345;;;;;obgpw6k@n8.ru;15.09.1977
1004;Бородач Александр Радионович;;;3233422;;;obgpw6k@n8.ru;15.09.1977
1005;Бородач Александр Радионович;;;;;;obgpw6k@n8.ru;15.09.1977
1006;Бородач Александр Радионович;34 56 789678;;8(918)38402343;;;obgpw6k@n8.ru;15.09.1977
1007;Бородач Александр Радионович;34 56 789678;;;8(918)38402343;;;15.09.1977
